clonotype_id,frequency,proportion,cdr3s_aa,cdr3s_nt,inkt_evidence,mait_evidence
clonotype1,3,0.06818181818181818,TRB:CASSIGVSLNTEAFF;TRA:CALSGLTQGGSEKLVF,TRB:TGTGCCAGTAGTATCGGAGTGAGCTTGAACACTGAAGCTTTCTTT;TRA:TGTGCTCTGAGTGGACTAACTCAGGGCGGATCTGAAAAGCTGGTCTTT,,
clonotype2,2,0.045454545454545456,TRB:CSAIVGAKNIQYF;TRA:CALSEPLGDYKLSF;TRA:CATDRWSTGGFKTIF,TRB:TGCAGTGCTATTGTTGGAGCCAAAAACATTCAGTACTTC;TRA:TGTGCTCTGAGTGAGCCGTTAGGCGACTACAAGCTCAGCTTT;TRA:TGTGCTACGGACAGGTGGAGTACTGGAGGCTTCAAAACTATCTTT,,TRB:gene
clonotype3,2,0.045454545454545456,TRB:CASTLLALKETQYF;TRA:CAASKGAGGGSQGNLIF,TRB:TGTGCCAGCACTTTACTAGCGTTAAAAGAGACCCAGTACTTC;TRA:TGTGCAGCAAGTAAAGGGGCGGGAGGAGGAAGCCAAGGAAATCTCATCTTT,,TRB:gene
clonotype4,2,0.045454545454545456,TRB:CASSTGPGLSGNTIYF;TRA:CALSEAYGDDKIIF,TRB:TGTGCCAGCAGCACAGGACCAGGGTTGTCTGGAAACACCATATATTTT;TRA:TGTGCTCTGAGTGAGGCTTACGGAGATGACAAGATCATCTTT,,
clonotype5,1,0.022727272727272728,TRA:CATDDMRF,TRA:TGTGCTACGGATGACATGCGCTTT,,
clonotype6,1,0.022727272727272728,TRB:CASRGPEGIYF;TRA:CAFDSGYSTLTF,TRB:TGTGCCAGCAGGGGTCCGGAGGGCATTTACTTC;TRA:TGTGCCTTTGATTCAGGATACAGCACCCTCACCTTT,,TRB:gene
clonotype7,1,0.022727272727272728,TRB:CSARTHRSLETQYF;TRA:CADPPHGNNRLAF;TRA:CASISGYSTLTF,TRB:TGCAGTGCTAGAACCCACAGGAGCTTAGAGACCCAGTACTTC;TRA:TGTGCAGACCCCCCCCATGGGAACAACAGACTCGCTTTT;TRA:TGTGCTTCTATTTCAGGATACAGCACCCTCACCTTT,,TRB:gene
clonotype8,1,0.022727272727272728,TRB:CASSQEDTQYF;TRA:CAENRNSGAGSYQLTF,TRB:TGTGCCAGCTCCCAGGAGGATACGCAGTATTTT;TRA:TGTGCAGAGAATCGAAACTCTGGGGCTGGGAGTTACCAACTCACTTTC,,
clonotype9,1,0.022727272727272728,TRB:CASSLVGNYGYTF,TRB:TGTGCCAGCAGCTTAGTGGGAAACTATGGCTACACCTTC,,
clonotype10,1,0.022727272727272728,TRB:CASSLGSGNQPQHF,TRB:TGTGCCAGCAGCTTAGGGTCAGGGAATCAGCCCCAGCATTTT,,
clonotype11,1,0.022727272727272728,TRB:CASSVMDSGEKLFF;TRA:CVLRGGDDKIIF,TRB:TGTGCCAGCAGCGTAATGGACTCGGGTGAAAAACTGTTTTTT;TRA:TGTGTACTCCGGGGGGGAGATGACAAGATCATCTTT,,
clonotype12,1,0.022727272727272728,TRB:CASTTRGGFYEQYF;TRA:CAENIGTGGSYIPTF,TRB:TGCGCCAGCACTACCCGGGGGGGGTTCTACGAGCAGTACTTC;TRA:TGTGCAGAGAATATCGGGACAGGAGGAAGCTACATACCTACATTT,,
clonotype13,1,0.022727272727272728,TRB:CASSLLAGFNEQFF;TRA:CAFNTGTASKLTF,TRB:TGCGCCAGCAGCTTGCTAGCGGGCTTTAATGAGCAGTTCTTC;TRA:TGTGCCTTTAATACCGGCACTGCCAGTAAACTCACCTTT,,
clonotype14,1,0.022727272727272728,TRB:CASSLGSAGELFF;TRA:CALGLQSSYKLIF,TRB:TGTGCCAGCAGCTTAGGGAGTGCCGGGGAGCTGTTTTTT;TRA:TGTGCTCTGGGATTACAGAGCAGCTATAAATTGATCTTC,,
clonotype15,1,0.022727272727272728,TRB:CASSLVGGNQPQHF;TRA:CAARPSSARQLTF,TRB:TGCGCCAGCAGCTTGGTCGGGGGCAATCAGCCCCAGCATTTT;TRA:TGTGCAGCAAGGCCGTCGTCTGCAAGGCAACTGACCTTT,,
clonotype16,1,0.022727272727272728,TRB:CSASGTAGYSSYNEQFF;TRA:CAVVEGNNRLAF,TRB:TGCAGTGCCTCCGGGACAGCCGGTTACAGCTCCTACAATGAGCAGTTCTTC;TRA:TGTGCTGTGGTAGAGGGGAACAACAGACTCGCTTTT,,TRB:gene
clonotype17,1,0.022727272727272728,TRB:CASSQGGLGLDIQYF;TRA:CAGPSGGSYIPTF,TRB:TGCGCCAGCAGCCAAGGGGGACTAGGATTAGACATTCAGTACTTC;TRA:TGTGCAGGTCCATCAGGAGGAAGCTACATACCTACATTT,,
clonotype18,1,0.022727272727272728,TRB:CASSSLGGPETQYF;TRA:CAMIDYKLSF,TRB:TGTGCCAGCAGCTCCCTGGGGGGGCCCGAGACCCAGTACTTC;TRA:TGTGCAATGATCGACTACAAGCTCAGCTTT,,
clonotype19,1,0.022727272727272728,TRB:CASSEAQGANNEQFF;TRA:CALSYTGRRALTF,TRB:TGTGCCAGCAGTGAAGCTCAGGGGGCGAACAATGAGCAGTTCTTC;TRA:TGTGCTCTGAGTTACACGGGCAGGAGAGCACTTACTTTT,,TRB:gene
clonotype20,1,0.022727272727272728,TRB:CASSPKTRTGSTDTQYF;TRB:CASSPLASKGEQYF;TRA:CVVSPDTGNQFYF,TRB:TGTGCCAGCAGCCCAAAGACCCGGACAGGGAGCACAGATACGCAGTATTTT;TRB:TGTGCCAGCTCACCACTTGCGAGCAAAGGCGAGCAGTACTTC;TRA:TGTGTGGTGAGCCCCGACACCGGTAACCAGTTCTATTTT,,
clonotype21,1,0.022727272727272728,TRB:CSAPNRLAAGDYNEQFF;TRA:CAGTSGSARQLTF;TRA:CALTEGGNNDMRF,TRB:TGCAGTGCGCCGAATCGACTAGCCGCTGGGGATTACAATGAGCAGTTCTTC;TRA:TGTGCCGGGACCTCGGGTTCTGCAAGGCAACTGACCTTT;TRA:TGTGCTCTGACCGAGGGGGGTAACAATGACATGCGCTTT,,TRB:gene
clonotype22,1,0.022727272727272728,TRB:CASSETSVSSEQYF;TRA:CAVDPTDSWGKLQF,TRB:TGTGCCAGCAGTGAAACATCAGTCTCCTCGGAGCAGTACTTC;TRA:TGTGCTGTGGACCCCACTGACAGCTGGGGGAAATTGCAGTTT,,
clonotype23,1,0.022727272727272728,TRB:CASRLTGAGNTIYF;TRA:CALSEPFSGGYNKLIF,TRB:TGTGCCAGCAGGCTAACAGGGGCAGGAAACACCATATATTTT;TRA:TGTGCTCTGAGTGAACCTTTTTCTGGTGGCTACAATAAGCTGATTTTT,,
clonotype24,1,0.022727272727272728,TRB:CASSLSQVGFYEQYF;TRA:CAENKDKAAGNKLTF,TRB:TGCGCCAGCAGCTTGTCGCAGGTGGGGTTCTACGAGCAGTACTTC;TRA:TGTGCAGAGAATAAAGACAAAGCTGCAGGCAACAAGCTAACTTTT,,
clonotype25,1,0.022727272727272728,TRB:CASSIGTALNTEAFF;TRA:CALSGLTQGGSEKLVF,TRB:TGTGCCAGTAGTATCGGGACAGCTTTGAACACTGAAGCTTTCTTT;TRA:TGTGCTCTGAGTGGCCTTACTCAGGGCGGATCTGAAAAGCTGGTCTTT,,
clonotype26,1,0.022727272727272728,TRB:CASSIGTALNTEAFF;TRA:CALSGLTQGGSEKLVF,TRB:TGTGCCAGTAGTATTGGGACAGCCTTGAACACTGAAGCTTTCTTT;TRA:TGTGCTCTGAGTGGGTTAACTCAGGGCGGATCTGAAAAGCTGGTCTTT,,
clonotype27,1,0.022727272727272728,TRB:CASSLFGTKYGYTF;TRA:CAASVGNARLMF,TRB:TGTGCCAGCAGCCTGTTCGGGACAAAGTATGGCTACACCTTC;TRA:TGTGCAGCAAGCGTAGGGAATGCCAGACTCATGTTT,,
clonotype28,1,0.022727272727272728,TRB:CASRSPPPGQNIQYF;TRA:CAARNSGNTPLVF,TRB:TGTGCCAGCAGATCCCCCCCGCCGGGGCAAAACATTCAGTACTTC;TRA:TGTGCAGCAAGGAATTCAGGAAACACACCTCTTGTCTTT,,
clonotype29,1,0.022727272727272728,TRB:CASSFRGRRTEAFF;TRA:CAMREGAGNNQGGKLIF,TRB:TGTGCCAGCAGCTTTAGGGGGCGAAGGACTGAAGCTTTCTTT;TRA:TGTGCAATGAGAGAGGGCGCGGGAAATAACCAGGGAGGAAAGCTTATCTTC,,
clonotype30,1,0.022727272727272728,TRB:CASRGRGRALNEQYV;TRA:CALPVSSMDTGRRALTF,TRB:TGTGCCAGCAGGGGTCGGGGGAGGGCTCTCAACGAGCAGTACGTC;TRA:TGTGCTCTCCCCGTTAGCTCTATGGACACGGGCAGGAGAGCACTTACTTTT,,
clonotype31,1,0.022727272727272728,TRB:CASSFPPGGPNYGYTF;TRA:CAVISPYNNDMRF,TRB:TGCGCCAGCAGCTTCCCTCCAGGGGGGCCGAACTATGGCTACACCTTC;TRA:TGTGCCGTGATCTCGCCCTATAACAATGACATGCGCTTT,,
clonotype32,1,0.022727272727272728,TRB:CASSSSGTDPSEQFF;TRA:CATDEGWSGGYQKVTF,TRB:TGTGCCAGCAGCTCTTCCGGGACCGACCCCAGTGAGCAGTTCTTC;TRA:TGTGCTACGGACGAAGGTTGGTCTGGGGGTTACCAGAAAGTTACCTTT,,
clonotype33,1,0.022727272727272728,TRB:CASSLVAGSYNEQFF;TRA:CALLTNNAGNMLTF,TRB:TGTGCCAGCAGCTTAGTCGCAGGGTCCTACAATGAGCAGTTCTTC;TRA:TGTGCTCTCCTTACCAATAATGCAGGCAACATGCTCACCTTT,,
clonotype34,1,0.022727272727272728,TRB:CASKLSGGARQPQHF;TRA:CAASATGSNYKLTF,TRB:TGTGCCAGCAAGCTTTCGGGGGGCGCCAGGCAGCCCCAGCATTTT;TRA:TGTGCAGCAAGCGCAACCGGTAGCAACTATAAACTGACATTT,,
clonotype35,1,0.022727272727272728,TRB:CASSIGRSGPGGYGYTF;TRA:CAASQTGANSKLTF;TRA:CAVEELYDYKLSF,TRB:TGTGCCAGTAGTATTGGACGGTCGGGCCCTGGAGGCTATGGCTACACCTTC;TRA:TGTGCAGCAAGCCAAACTGGAGCCAATAGTAAGCTGACATTT;TRA:TGTGCTGTGGAGGAGCTATACGACTACAAGCTCAGCTTT,,
clonotype36,1,0.022727272727272728,TRB:CASSLGEVRRGNYEQYF;TRA:CAVGTSGFQKLVF,TRB:TGTGCCAGCAGCTTGGGAGAGGTGAGGAGAGGGAACTACGAGCAGTACTTC;TRA:TGTGCTGTGGGTACCTCAGGCTTTCAGAAACTTGTATTT,,
clonotype37,1,0.022727272727272728,TRB:CASSSRTGLFSYNEQFF;TRA:CAASADFNKFYF,TRB:TGTGCCAGCAGTTCCCGGACAGGGTTGTTCTCCTACAATGAGCAGTTCTTC;TRA:TGTGCAGCAAGCGCGGACTTCAACAAATTTTACTTT,,
clonotype38,1,0.022727272727272728,TRB:CASSFPTSGRAKETQYF,TRB:TGTGCCAGCAGCTTCCCGACTAGCGGGAGGGCCAAGGAGACCCAGTACTTC,,
clonotype39,1,0.022727272727272728,TRB:CASSQDLGSGLPYNEQFF;TRA:CAVSDSNYQLIW,TRB:TGTGCCAGCAGCCAAGATCTGGGTAGCGGGTTACCTTACAATGAGCAGTTCTTC;TRA:TGTGCTGTGAGTGATAGCAACTATCAGTTAATCTGG,,TRA:gene+junction
