clonotype_id,consensus_id,length,chain,v_gene,d_gene,j_gene,c_gene,full_length,productive,fwr1,fwr1_nt,cdr1,cdr1_nt,fwr2,fwr2_nt,cdr2,cdr2_nt,fwr3,fwr3_nt,cdr3,cdr3_nt,fwr4,fwr4_nt,reads,umis,v_start,v_end,v_end_ref,j_start,j_start_ref,j_end,fwr1_start,fwr1_end,cdr1_start,cdr1_end,fwr2_start,fwr2_end,cdr2_start,cdr2_end,fwr3_start,fwr3_end,cdr3_start,cdr3_end,fwr4_start,fwr4_end
clonotype1,clonotype1_consensus1,635,TRB,TRBV19,,TRBJ1-1,TRBC1,true,true,DGGITQSPKYLFRKEGQNVTLSCEQN,GATGGTGGAATCACTCAGTCCCCAAAGTACCTGTTCAGAAAGGAAGGACAGAATGTGACCCTGAGTTGTGAACAGAAT,LNHDA,TTGAACCACGATGCC,MYWYRQDPGQGLRLIYY,ATGTACTGGTACCGACAGGACCCAGGGCAAGGGCTGAGATTGATCTACTAC,SQIVND,TCACAGATAGTAAATGAC,FQKGDIAEGYSVSREKKESFPLTVTSAQKNPTAFYL,TTTCAGAAAGGAGATATAGCTGAAGGGTACAGCGTCTCTCGGGAGAAGAAGGAATCCTTTCCTCTCACTGTGACATCGGCCCAAAAGAACCCGACAGCTTTCTATCTC,CASSIGVSLNTEAFF,TGTGCCAGTAGTATCGGAGTGAGCTTGAACACTGAAGCTTTCTTT,GQGTRLTVV,GGACAAGGCACCAGACTCACAGTTGTAG,114753,59,183,527,344,535,0,583,240,318,318,333,333,384,384,402,402,510,510,555,555,583
clonotype1,clonotype1_consensus2,571,TRA,TRAV19,,TRAJ57,TRAC,true,true,AQKVTQAQTEISVVEKEDVTLDCVYE,GCTCAGAAGGTAACTCAAGCGCAGACTGAAATTTCTGTGGTGGAGAAGGAGGATGTGACCTTGGACTGTGTGTATGAA,TRDTTYY,ACCCGTGATACTACTTATTAC,LFWYKQPPSGELVFLIR,TTATTCTGGTACAAGCAACCACCAAGTGGAGAATTGGTTTTCCTTATTCGT,RNSFDEQN,CGGAACTCTTTTGATGAGCAAAAT,EISGRYSWNFQKSTSSFNFTITASQVVDSAVYF,GAAATAAGTGGTCGGTATTCTTGGAACTTCCAGAAATCCACCAGTTCCTTCAACTTCACCATCACAGCCTCACAAGTCGTGGACTCAGCAGTATACTTC,CALSGLTQGGSEKLVF,TGTGCTCTGAGTGGACTAACTCAGGGCGGATCTGAAAAGCTGGTCTTT,GKGTKLTVNP,GGAAAGGGAACGAAACTGACAGTAAACCCAT,60645,28,117,467,350,466,0,529,177,255,255,276,276,327,327,351,351,450,450,498,498,529
clonotype2,clonotype2_consensus1,518,TRB,TRBV20-1,,TRBJ2-4,TRBC2,true,true,GAVVSQHPSRVICKSGTSVKIECRSL,GGTGCTGTCGTCTCTCAACATCCGAGCAGGGTTATCTGTAAGAGTGGAACCTCTGTGAAGATCGAGTGCCGTTCCCTG,DFQATT,GACTTTCAGGCCACAACT,MFWYRQFPKQSLMLMAT,ATGTTTTGGTATCGTCAGTTCCCGAAACAGAGTCTCATGCTGATGGCAACT,SNEGSKA,TCCAATGAGGGCTCCAAGGCC,TYEQGVEKDKFLINHASLTLSTLTVTSAHPEDSSFYI,ACATACGAGCAAGGCGTCGAGAAGGACAAGTTTCTCATCAACCATGCAAGCCTGACCTTGTCCACTCTGACAGTGACCAGTGCCCATCCTGAAGACAGCAGCTTCTACATC,CSAIVGAKNIQYF,TGCAGTGCTATTGTTGGAGCCAAAAACATTCAGTACTTC,GAGTRLSVL,GGCGCCGGGACCCGGCTCTCAGTGCTGG,58428,67,78,413,335,416,0,466,120,198,198,216,216,267,267,288,288,399,399,438,438,466
clonotype2,clonotype2_consensus2,565,TRA,TRAV19,,TRAJ20,TRAC,true,true,AQKVTQAQTEISVVEKEDVTLDCVYE,GCTCAGAAGGTAACTCAAGCGCAGACTGAAATTTCTGTGGTGGAGAAGGAGGATGTGACCTTGGACTGTGTGTATGAA,TRDTTYY,ACCCGTGATACTACTTATTAC,LFWYKQPPSGELVFLIR,TTATTCTGGTACAAGCAACCACCAAGTGGAGAATTGGTTTTCCTTATTCGT,RNSFDEQN,CGGAACTCTTTTGATGAGCAAAAT,EISGRYSWNFQKSTSSFNFTITASQVVDSAVYF,GAAATAAGTGGTCGGTATTCTTGGAACTTCCAGAAATCCACCAGTTCCTTCAACTTCACCATCACAGCCTCACAAGTCGTGGACTCAGCAGTATACTTC,CALSEPLGDYKLSF,TGTGCTCTGAGTGAGCCGTTAGGCGACTACAAGCTCAGCTTT,GAGTTVTVRA,GGAGCCGGAACCACAGTAACTGTAAGAGCAA,10591,12,117,467,350,473,7,523,177,255,255,276,276,327,327,351,351,450,450,492,492,523
clonotype2,clonotype2_consensus3,589,TRA,TRAV17,,TRAJ9,TRAC,true,true,SQQGEEDPQALSIQEGENATMNCSYK,AGTCAACAGGGAGAAGAGGATCCTCAGGCCTTGAGCATCCAGGAGGGTGAAAATGCCACCATGAACTGCAGTTACAAA,TSINN,ACTAGTATAAACAAT,LQWYRQNSGRGLVHLIL,TTACAGTGGTATAGACAAAATTCAGGTAGAGGCCTTGTCCACCTAATTTTA,IRSNERE,ATACGTTCAAATGAAAGAGAG,KHSGRLRVTLDTSKKSSSLLITASRAADTASYF,AAACACAGTGGAAGATTAAGAGTCACGCTTGACACTTCCAAGAAAAGCAGTTCCTTGTTGATCACGGCTTCCCGGGCAGCAGACACTGCTTCTTACTTC,CATDRWSTGGFKTIF,TGTGCTACGGACAGGTGGAGTACTGGAGGCTTCAAAACTATCTTT,GAGTRPFVKA,GGAGCAGGAACAAGACCATTTGTTAAAGCAA,14485,13,147,484,337,486,0,547,207,285,285,300,300,351,351,372,372,471,471,516,516,547
clonotype3,clonotype3_consensus1,506,TRB,TRBV6-1,,TRBJ2-5,TRBC2,true,true,NAGVTQTPKFQVLKTGQSMTLQCAQD,AATGCTGGTGTCACTCAGACCCCAAAATTCCAGGTCCTGAAGACAGGACAGAGCATGACACTGCAGTGTGCCCAGGAT,MNHNS,ATGAACCATAACTCC,MYWYRQDPGMGLRLIYY,ATGTACTGGTATCGACAAGACCCAGGCATGGGACTGAGGCTGATTTATTAC,SASEGT,TCAGCTTCTGAGGGTACC,TDKGEVPNGYNVSRLNKREFSLRLESAAPSQTSVYF,ACTGACAAAGGAGAAGTCCCCAATGGCTACAATGTCTCCAGATTAAACAAACGGGAGTTCTCGCTCAGGCTGGAGTCGGCTGCTCCCTCCCAGACATCTGTGTACTTC,CASTLLALKETQYF,TGTGCCAGCACTTTACTAGCGTTAAAAGAGACCCAGTACTTC,GPGTRLLVL,GGGCCAGGCACGCGGCTCCTGGTGCTCG,75158,39,57,401,344,406,0,454,114,192,192,207,207,258,258,276,276,384,384,426,426,454
clonotype3,clonotype3_consensus2,471,TRA,TRAV13-1,,TRAJ42,TRAC,true,true,GENVEQHPSTLSVQEGDSAVIKCTYS,GGAGAGAATGTGGAGCAGCATCCTTCAACCCTGAGTGTCCAGGAGGGAGACAGCGCTGTTATCAAGTGTACTTATTCA,DSASNY,GACAGTGCCTCAAACTAC,FPWYKQELGKGPQLIID,TTCCCTTGGTATAAGCAAGAACTTGGAAAAGGACCTCAGCTTATTATAGAC,IRSNVGE,ATTCGTTCAAATGTGGGCGAA,KKDQRIAVTLNKTAKHFSLHITETQPEDSAVYF,AAGAAAGACCAACGAATTGCTGTTACATTGAACAAGACAGCCAAACATTTCTCCCTGCACATCACAGAGACCCAACCTGAAGACTCGGCTGTCTACTTC,CAASKGAGGGSQGNLIF,TGTGCAGCAAGTAAAGGGGCGGGAGGAGGAAGCCAAGGAAATCTCATCTTT,GKGTKLSVKP,GGAAAAGGCACTAAACTCTCTGTTAAACCAA,57506,38,23,360,337,371,8,429,80,158,158,176,176,227,227,248,248,347,347,398,398,429
clonotype4,clonotype4_consensus1,520,TRB,TRBV11-2,,TRBJ1-3,TRBC1,true,true,EAGVAQSPRYKIIEKRQSVAFWCNPI,GAAGCTGGAGTTGCCCAGTCTCCCAGATATAAGATTATAGAGAAAAGGCAGAGTGTGGCTTTTTGGTGCAATCCTATA,SGHAT,TCTGGCCATGCTACC,LYWYQQILGQGPKLLIQ,CTTTACTGGTACCAGCAGATCCTGGGACAGGGCCCAAAGCTTCTGATTCAG,FQNNGV,TTTCAGAATAACGGTGTA,VDDSQLPKDRFSAERLKGVDSTLKIQPAKLEDSAVYL,GTGGATGATTCACAGTTGCCTAAGGATCGATTTTCTGCAGAGAGGCTCAAAGGAGTAGACTCCACTCTCAAGATCCAACCTGCAAAGCTTGAGGACTCGGCCGTGTATCTC,CASSTGPGLSGNTIYF,TGTGCCAGCAGCACAGGACCAGGGTTGTCTGGAAACACCATATATTTT,GEGSWLTVV,GGAGAGGGAAGTTGGCTCACTGTTGTAG,55018,39,62,404,342,418,0,468,119,197,197,212,212,263,263,281,281,392,392,440,440,468
clonotype4,clonotype4_consensus2,565,TRA,TRAV19,,TRAJ30,TRAC,true,true,AQKVTQAQTEISVVEKEDVTLDCVYE,GCTCAGAAGGTAACTCAAGCGCAGACTGAAATTTCTGTGGTGGAGAAGGAGGATGTGACCTTGGACTGTGTGTATGAA,TRDTTYY,ACCCGTGATACTACTTATTAC,LFWYKQPPSGELVFLIR,TTATTCTGGTACAAGCAACCACCAAGTGGAGAATTGGTTTTCCTTATTCGT,RNSFDEQN,CGGAACTCTTTTGATGAGCAAAAT,EISGRYSWNFQKSTSSFNFTITASQVVDSAVYF,GAAATAAGTGGTCGGTATTCTTGGAACTTCCAGAAATCCACCAGTTCCTTCAACTTCACCATCACAGCCTCACAAGTCGTGGACTCAGCAGTATACTTC,CALSEAYGDDKIIF,TGTGCTCTGAGTGAGGCTTACGGAGATGACAAGATCATCTTT,GKGTRLHILP,GGAAAAGGGACACGACTTCATATTCTCCCCA,75123,63,117,467,350,466,0,523,177,255,255,276,276,327,327,351,351,450,450,492,492,523
clonotype5,clonotype5_consensus1,568,TRA,TRAV17,,TRAJ43,TRAC,true,true,SQQGEEDPQALSIQEGENATMNCSYK,AGTCAACAGGGAGAAGAGGATCCTCAGGCCTTGAGCATCCAGGAGGGTGAAAATGCCACCATGAACTGCAGTTACAAA,TSINN,ACTAGTATAAACAAT,LQWYRQNSGRGLVHLIL,TTACAGTGGTATAGACAAAATTCAGGTAGAGGCCTTGTCCACCTAATTTTA,IRSNERE,ATACGTTCAAATGAAAGAGAG,KHSGRLRVTLDTSKKSSSLLITASRAADTASYF,AAACACAGTGGAAGATTAAGAGTCACGCTTGACACTTCCAAGAAAAGCAGTTCCTTGTTGATCACGGCTTCCCGGGCAGCAGACACTGCTTCTTACTTC,CATDDMRF,TGTGCTACGGATGACATGCGCTTT,GAGTRLTVKP,GGAGCAGGGACCAGACTGACAGTAAAACCAA,14158,3,147,484,337,481,9,526,207,285,285,300,300,351,351,372,372,471,471,495,495,526
clonotype6,clonotype6_consensus1,497,TRB,TRBV6-1,,TRBJ2-7,TRBC2,true,true,NAGVTQTPKFQVLKTGQSMTLQCAQD,AATGCTGGTGTCACTCAGACCCCAAAATTCCAGGTCCTGAAGACAGGACAGAGCATGACACTGCAGTGTGCCCAGGAT,MNHNS,ATGAACCATAACTCC,MYWYRQDPGMGLRLIYY,ATGTACTGGTATCGACAAGACCCAGGCATGGGACTGAGGCTGATTTATTAC,SASEGT,TCAGCTTCTGAGGGTACC,TDKGEVPNGYNVSRLNKREFSLRLESAAPSQTSVYF,ACTGACAAAGGAGAAGTCCCCAATGGCTACAATGTCTCCAGATTAAACAAACGGGAGTTCTCGCTCAGGCTGGAGTCGGCTGCTCCCTCCCAGACATCTGTGTACTTC,CASRGPEGIYF,TGTGCCAGCAGGGGTCCGGAGGGCATTTACTTC,GPGTRLTVT,GGGCCGGGCACCAGGCTCACGGTCACAG,55779,15,57,401,344,411,13,445,114,192,192,207,207,258,258,276,276,384,384,417,417,445
clonotype6,clonotype6_consensus2,682,TRA,TRAV24,,TRAJ11,TRAC,true,true,ILNVEQSPQSLHVQEGDSTNFTCSFP,ATACTGAACGTGGAACAAAGTCCTCAGTCACTGCATGTTCAGGAGGGAGACAGCACCAATTTCACCTGCAGCTTCCCT,SSNFYA,TCCAGCAATTTTTATGCC,LHWYRWETAKSPEALFV,TTACACTGGTACAGATGGGAAACTGCAAAAAGCCCCGAGGCCTTGTTTGTA,MTLNGDE,ATGACTTTAAATGGGGATGAA,KKKGRISATLNTKEGYSYLYIKGSQPEDSATYL,AAGAAGAAAGGACGAATAAGTGCCACTCTTAATACCAAGGAGGGTTACAGCTATTTGTACATCAAAGGATCCCAGCCTGAAGACTCAGCCACATACCTC,CAFDSGYSTLTF,TGTGCCTTTGATTCAGGATACAGCACCCTCACCTTT,GKGTMLLVSP,GGGAAGGGGACTATGCTTCTAGTCTCTCCAG,21784,9,240,583,343,580,0,640,306,384,384,402,402,453,453,474,474,573,573,609,609,640
clonotype7,clonotype7_consensus1,521,TRB,TRBV20-1,,TRBJ2-5,TRBC2,true,true,GAVVSQHPSWVICKSGTSVKIECRSL,GGTGCTGTCGTCTCTCAACATCCGAGCTGGGTTATCTGTAAGAGTGGAACCTCTGTGAAGATCGAGTGCCGTTCCCTG,DFQATT,GACTTTCAGGCCACAACT,MFWYRQFPKQSLMLMAT,ATGTTTTGGTATCGTCAGTTCCCGAAACAGAGTCTCATGCTGATGGCAACT,SNEGSKA,TCCAATGAGGGCTCCAAGGCC,TYEQGVEKDKFLINHASLTLSTLTVTSAHPEDSSFYI,ACATACGAGCAAGGCGTCGAGAAGGACAAGTTTCTCATCAACCATGCAAGCCTGACCTTGTCCACTCTGACAGTGACCAGTGCCCATCCTGAAGACAGCAGCTTCTACATC,CSARTHRSLETQYF,TGCAGTGCTAGAACCCACAGGAGCTTAGAGACCCAGTACTTC,GPGTRLLVL,GGGCCAGGCACGCGGCTCCTGGTGCTCG,38598,28,78,413,335,421,0,469,120,198,198,216,216,267,267,288,288,399,399,441,441,469
clonotype7,clonotype7_consensus2,489,TRA,TRAV13-2,,TRAJ7,TRAC,true,true,GESVGLHLPTLSVQEGDNSIINCAYS,GGAGAGAGTGTGGGGCTGCATCTTCCTACCCTGAGTGTCCAGGAGGGTGACAACTCTATTATCAACTGTGCTTATTCA,NSASDY,AACAGCGCCTCAGACTAC,FIWYKQESGKGPQFIID,TTCATTTGGTACAAGCAAGAATCTGGAAAAGGTCCTCAATTCATTATAGAC,IRSNMDK,ATTCGTTCAAATATGGACAAA,RQGQRVTVLLNKTVKHLSLQIAATQPGDSAVYF,AGGCAAGGCCAAAGAGTCACCGTTTTATTGAATAAGACAGTGAAACATCTCTCTCTGCAAATTGCAGCTACTCAACCTGGAGACTCAGCTGTCTACTTT,CADPPHGNNRLAF,TGTGCAGACCCCCCCCATGGGAACAACAGACTCGCTTTT,GKGNQVVVIP,GGGAAGGGGAACCAAGTGGTGGTCATACCAA,16116,17,50,390,340,388,0,447,110,188,188,206,206,257,257,278,278,377,377,416,416,447
clonotype7,clonotype7_consensus3,580,TRA,TRAV17,,TRAJ11,TRAC,true,true,SQQGEEDPQALSIQEGENATMNCSYK,AGTCAACAGGGAGAAGAGGATCCTCAGGCCTTGAGCATCCAGGAGGGTGAAAATGCCACCATGAACTGCAGTTACAAA,TSINN,ACTAGTATAAACAAT,LQWYRQNSGRGLVHLIL,TTACAGTGGTATAGACAAAATTCAGGTAGAGGCCTTGTCCACCTAATTTTA,IRSNERE,ATACGTTCAAATGAAAGAGAG,KHSGRLRVTLDTSKKSSSLLITASRAADTASYF,AAACACAGTGGAAGATTAAGAGTCACGCTTGACACTTCCAAGAAAAGCAGTTCCTTGTTGATCACGGCTTCCCGGGCAGCAGACACTGCTTCTTACTTC,CASISGYSTLTF,TGTGCTTCTATTTCAGGATACAGCACCCTCACCTTT,GKGTMLLVSP,GGGAAGGGGACTATGCTTCTAGTCTCTCCAG,20426,18,147,477,330,478,0,538,207,285,285,300,300,351,351,372,372,471,471,507,507,538
clonotype8,clonotype8_consensus1,524,TRB,TRBV18,,TRBJ2-3,TRBC2,true,true,NAGVMQNPRHLVRRRGQEARLRCSPM,AATGCCGGCGTCATGCAGAACCCAAGACACCTGGTCAGGAGGAGGGGACAGGAGGCAAGACTGAGATGCAGCCCAATG,KGHSH,AAAGGACACAGTCAT,VYWYRQLPEEGLKFMVY,GTTTACTGGTATCGGCAGCTCCCAGAGGAAGGTCTGAAATTCATGGTTTAT,LQKENI,CTCCAGAAAGAAAATATC,IDESGMPKERFSAEFPKEGPSILRIQQVVRGDSAAYF,ATAGATGAGTCAGGAATGCCAAAGGAACGATTTTCTGCTGAATTTCCCAAAGAGGGCCCCAGCATCCTGAGGATCCAGCAGGTAGTGCGAGGAGATTCGGCAGCTTATTTC,CASSQEDTQYF,TGTGCCAGCTCCCAGGAGGATACGCAGTATTTT,GPGTRLTVL,GGCCCAGGCACCCGGCTGACAGTGCTCG,46707,17,81,428,347,429,6,472,138,216,216,231,231,282,282,300,300,411,411,444,444,472
clonotype8,clonotype8_consensus2,518,TRA,TRAV13-2,,TRAJ28,TRAC,true,true,GESVGLHLPTLSVQEGDNSIINCAYS,GGAGAGAGTGTGGGGCTGCATCTTCCTACCCTGAGTGTCCAGGAGGGTGACAACTCTATTATCAACTGTGCTTATTCA,NSASDY,AACAGCGCCTCAGACTAC,FIWYKQESGKGPQFIID,TTCATTTGGTACAAGCAAGAATCTGGAAAAGGTCCTCAATTCATTATAGAC,IRSNMDK,ATTCGTTCAAATATGGACAAA,RQGQRVTVLLNKTVKHLSLQIAATQPGDSAVYF,AGGCAAGGCCAAAGAGTCACCGTTTTATTGAATAAGACAGTGAAACATCTCTCTCTGCAAATTGCAGCTACTCAACCTGGAGACTCAGCTGTCTACTTT,CAENRNSGAGSYQLTF,TGTGCAGAGAATCGAAACTCTGGGGCTGGGAGTTACCAACTCACTTTC,GKGTKLSVIP,GGGAAGGGGACCAAACTCTCGGTCATACCAA,18632,8,70,410,340,410,0,476,130,208,208,226,226,277,277,298,298,397,397,445,445,476
clonotype9,clonotype9_consensus1,474,TRB,TRBV11-1,,TRBJ1-2,TRBC1,true,true,EAEVAQSPRYKITEKSQAVAFWCDPI,GAAGCTGAAGTTGCCCAGTCCCCCAGATATAAGATTACAGAGAAAAGCCAGGCTGTGGCTTTTTGGTGTGATCCTATT,SGHAT,TCTGGCCATGCTACC,LYWYRQILGQGPELLVQ,CTTTACTGGTACCGGCAGATCCTGGGACAGGGCCCGGAGCTTCTGGTTCAA,FQDESV,TTTCAGGATGAGAGTGTA,VDDSQLPKDRFSAERLKGVDSTLKIQPAELGDSAMYL,GTAGATGATTCACAGTTGCCTAAGGATCGATTTTCTGCAGAGAGGCTCAAAGGAGTAGACTCCACTCTCAAGATCCAGCCTGCAGAGCTTGGGGACTCGGCCATGTATCTC,CASSLVGNYGYTF,TGTGCCAGCAGCTTAGTGGGAAACTATGGCTACACCTTC,GSGTRLTVV,GGTTCGGGGACCAGGTTAACCGTTGTAG,41059,11,25,372,347,374,0,422,82,160,160,175,175,226,226,244,244,355,355,394,394,422
clonotype10,clonotype10_consensus1,622,TRB,TRBV5-6,,TRBJ1-5,TRBC1,true,true,DAGVTQSPTHLIKTRGQQVTLRCSPK,GACGCTGGAGTCACCCAAAGTCCCACACACCTGATCAAAACGAGAGGACAGCAAGTGACTCTGAGATGCTCTCCTAAG,SGHDT,TCTGGGCATGACACT,VSWYQQALGQGPQFIFQ,GTGTCCTGGTACCAACAGGCCCTGGGTCAGGGGCCCCAGTTTATCTTTCAG,YYEEEE,TATTATGAGGAGGAAGAG,RQRGNFPDRFSGHQFPNYSSELNVNALLLGDSALYL,AGACAGAGAGGCAACTTCCCTGATCGATTCTCAGGTCACCAGTTCCCTAACTATAGCTCTGAGCTGAATGTGAACGCCTTGTTGCTGGGGGACTCGGCCCTCTATCTC,CASSLGSGNQPQHF,TGTGCCAGCAGCTTAGGGTCAGGGAATCAGCCCCAGCATTTT,GDGTRLSIL,GGTGATGGGACTCGACTCTCCATCCTAG,11388,7,173,516,343,520,0,570,230,308,308,323,323,374,374,392,392,500,500,542,542,570
clonotype11,clonotype11_consensus1,496,TRB,TRBV9,,TRBJ1-4,TRBC1,true,true,DSGVTQTPKHLITATGQRVTLRCSPR,GATTCTGGAGTCACACAAACCCCAAAGCACCTGATCACAGCAACTGGACAGCGAGTGACGCTGAGATGCTCCCCTAGG,SGDLS,TCTGGAGACCTCTCT,VYWYQQSLDQGLQFLIQ,GTGTACTGGTACCAACAGAGCCTGGACCAGGGCCTCCAGTTCCTCATTCAG,YYNGEE,TATTATAATGGAGAAGAG,RAKGNILERFSAQQFPDLHSELNLSSLELGDSALYF,AGAGCAAAAGGAAACATTCTTGAACGATTCTCCGCACAACAGTTCCCTGACTTGCACTCTGAACTAAACCTGAGCTCTCTGGAGCTGGGGGACTCAGCTTTGTATTTC,CASSVMDSGEKLFF,TGTGCCAGCAGCGTAATGGACTCGGGTGAAAAACTGTTTTTT,GSGTQLSVL,GGCAGTGGAACCCAGCTCTCTGTCTTGG,49971,29,47,390,343,400,7,444,104,182,182,197,197,248,248,266,266,374,374,416,416,444
clonotype11,clonotype11_consensus2,552,TRA,TRAV12-1,,TRAJ30,TRAC,true,true,RKEVEQDPGPFNVPEGATVAFNCTYS,CGGAAGGAGGTGGAGCAGGATCCTGGACCCTTCAATGTTCCAGAGGGAGCCACTGTCGCTTTCAACTGTACTTACAGC,NSASQS,AACAGTGCTTCTCAGTCT,FFWYRQDCRKEPKLLMS,TTCTTCTGGTACAGACAGGATTGCAGGAAAGAACCTAAGTTGCTGATGTCC,VYSSG,GTATACTCCAGTGGT,NEDGRFTAQLNRASQYISLLIRDSKLSDSATYL,AATGAAGATGGAAGGTTTACAGCACAGCTCAATAGAGCCAGCCAGTATATTTCCCTGCTCATCAGAGACTCCAAGCTCAGTGATTCAGCCACCTACCTC,CVLRGGDDKIIF,TGTGTACTCCGGGGGGGAGATGACAAGATCATCTTT,GKGTRLHILP,GGAAAAGGGACACGACTTCATATTCTCCCCA,18130,13,119,448,329,453,0,510,182,260,260,278,278,329,329,344,344,443,443,479,479,510
clonotype12,clonotype12_consensus1,537,TRB,TRBV5-1,,TRBJ2-7,TRBC2,true,true,KAGVTQTPRYLIKTRGQQVTLSCSPI,AAGGCTGGAGTCACTCAAACTCCAAGATATCTGATCAAAACGAGAGGACAGCAAGTGACACTGAGCTGCTCCCCTATC,SGHRS,TCTGGGCATAGGAGT,VSWYQQTPGQGLQFLFE,GTATCCTGGTACCAACAGACCCCAGGACAGGGCCTTCAGTTCCTCTTTGAA,YFSETQ,TACTTCAGTGAGACACAG,RNKGNFPGRFSGRQFSNSRSEMNVSTLELGDSALYL,AGAAACAAAGGAAACTTCCCTGGTCGATTCTCAGGGCGCCAGTTCTCTAACTCTCGCTCTGAGATGAATGTGAGCACCTTGGAGCTGGGGGACTCGGCCCTTTATCTT,CASTTRGGFYEQYF,TGCGCCAGCACTACCCGGGGGGGGTTCTACGAGCAGTACTTC,GPGTRLTVT,GGGCCGGGCACCAGGCTCACGGTCACAG,37417,16,88,425,337,438,0,485,145,223,223,238,238,289,289,307,307,415,415,457,457,485
clonotype12,clonotype12_consensus2,515,TRA,TRAV13-2,,TRAJ6,TRAC,true,true,GESVGLHLPTLSVQEGDNSIINCAYS,GGAGAGAGTGTGGGGCTGCATCTTCCTACCCTGAGTGTCCAGGAGGGTGACAACTCTATTATCAACTGTGCTTATTCA,NSASDY,AACAGCGCCTCAGACTAC,FIWYKQESGKGPQFIID,TTCATTTGGTACAAGCAAGAATCTGGAAAAGGTCCTCAATTCATTATAGAC,IRSNMDK,ATTCGTTCAAATATGGACAAA,RQGQRVTVLLNKTVKHLSLQIAATQPGDSAVYF,AGGCAAGGCCAAAGAGTCACCGTTTTATTGAATAAGACAGTGAAACATCTCTCTCTGCAAATTGCAGCTACTCAACCTGGAGACTCAGCTGTCTACTTT,CAENIGTGGSYIPTF,TGTGCAGAGAATATCGGGACAGGAGGAAGCTACATACCTACATTT,GRGTSLIVHP,GGAAGAGGAACCAGCCTTATTGTTCATCCGT,32014,18,70,410,340,411,0,473,130,208,208,226,226,277,277,298,298,397,397,442,442,473
clonotype13,clonotype13_consensus1,478,TRB,TRBV5-1,,TRBJ2-1,TRBC2,true,true,KAGVTQTPRYLIKTRGQQVTLSCSPI,AAGGCTGGAGTCACTCAAACTCCAAGATATCTGATCAAAACGAGAGGACAGCAAGTGACACTGAGCTGCTCCCCTATC,SGHRS,TCTGGGCATAGGAGT,VSWYQQTPGQGLQFLFE,GTATCCTGGTACCAACAGACCCCAGGACAGGGCCTTCAGTTCCTCTTTGAA,YFSETQ,TACTTCAGTGAGACACAG,RNKGNFPGRFSGRQFSNSRSEMNVSTLELGDSALYL,AGAAACAAAGGAAACTTCCCTGGTCGATTCTCAGGGCGCCAGTTCTCTAACTCTCGCTCTGAGATGAATGTGAGCACCTTGGAGCTGGGGGACTCGGCCCTTTATCTT,CASSLLAGFNEQFF,TGCGCCAGCAGCTTGCTAGCGGGCTTTAATGAGCAGTTCTTC,GPGTRLTVL,GGGCCAGGGACACGGCTCACCGTGCTAG,55909,16,29,372,343,376,0,426,86,164,164,179,179,230,230,248,248,356,356,398,398,426
clonotype13,clonotype13_consensus2,663,TRA,TRAV24,,TRAJ44,TRAC,true,true,ILNVEQSPQSLHVQEGDSTNFTCSFP,ATACTGAACGTGGAACAAAGTCCTCAGTCACTGCATGTTCAGGAGGGAGACAGCACCAATTTCACCTGCAGCTTCCCT,SSNFYA,TCCAGCAATTTTTATGCC,LHWYRWETAKSPEALFV,TTACACTGGTACAGATGGGAAACTGCAAAAAGCCCCGAGGCCTTGTTTGTA,MTLNGDE,ATGACTTTAAATGGGGATGAA,KKKGRISATLNTKEGYSYLYIKGSQPEDSATYL,AAGAAGAAAGGACGAATAAGTGCCACTCTTAATACCAAGGAGGGTTACAGCTATTTGTACATCAAAGGATCCCAGCCTGAAGACTCAGCCACATACCTC,CAFNTGTASKLTF,TGTGCCTTTAATACCGGCACTGCCAGTAAACTCACCTTT,GTGTRLQVTL,GGGACTGGAACAAGACTTCAGGTCACGCTCG,17240,6,218,561,343,558,0,621,284,362,362,380,380,431,431,452,452,551,551,590,590,621
clonotype14,clonotype14_consensus1,494,TRB,TRBV11-3,,TRBJ2-2,TRBC2,true,true,EAGVVQSPRYKIIEKKQPVAFWCNPI,GAAGCTGGAGTGGTTCAGTCTCCCAGATATAAGATTATAGAGAAAAAACAGCCTGTGGCTTTTTGGTGCAATCCTATT,SGHNT,TCTGGCCACAATACC,LYWYLQNLGQGPELLIR,CTTTACTGGTACCTGCAGAACTTGGGACAGGGCCCGGAGCTTCTGATTCGA,YENEEA,TATGAGAATGAGGAAGCA,VDDSQLPKDRFSAERLKGVDSTLKIQPAELGDSAVYL,GTAGACGATTCACAGTTGCCTAAGGATCGATTTTCTGCAGAGAGGCTCAAAGGAGTAGACTCCACTCTCAAGATCCAGCCTGCAGAGCTTGGGGACTCGGCCGTGTATCTC,CASSLGSAGELFF,TGTGCCAGCAGCTTAGGGAGTGCCGGGGAGCTGTTTTTT,GEGSRLTVL,GGAGAAGGCTCTAGGCTGACCGTACTGG,27727,11,45,392,347,391,0,442,102,180,180,195,195,246,246,264,264,375,375,414,414,442
clonotype14,clonotype14_consensus2,562,TRA,TRAV19,,TRAJ12,TRAC,true,true,AQKVTQAQTEISVVEKEDVTLDCVYE,GCTCAGAAGGTAACTCAAGCGCAGACTGAAATTTCTGTGGTGGAGAAGGAGGATGTGACCTTGGACTGTGTGTATGAA,TRDTTYY,ACCCGTGATACTACTTATTAC,LFWYKQPPSGELVFLIR,TTATTCTGGTACAAGCAACCACCAAGTGGAGAATTGGTTTTCCTTATTCGT,RNSFDEQN,CGGAACTCTTTTGATGAGCAAAAT,EISGRYSWNFQKSTSSFNFTITASQVVDSAVYF,GAAATAAGTGGTCGGTATTCTTGGAACTTCCAGAAATCCACCAGTTCCTTCAACTTCACCATCACAGCCTCACAAGTCGTGGACTCAGCAGTATACTTC,CALGLQSSYKLIF,TGTGCTCTGGGATTACAGAGCAGCTATAAATTGATCTTC,GSGTRLLVRP,GGGAGTGGGACCAGACTGCTGGTCAGGCCTG,41702,16,117,459,342,460,0,520,177,255,255,276,276,327,327,351,351,450,450,489,489,520
clonotype15,clonotype15_consensus1,510,TRB,TRBV5-1,,TRBJ1-5,TRBC1,true,true,KAGVTQTPRYLIKTRGQQVTLSCSPI,AAGGCTGGAGTCACTCAAACTCCAAGATATCTGATCAAAACGAGAGGACAGCAAGTGACACTGAGCTGCTCCCCTATC,SGHRS,TCTGGGCATAGGAGT,VSWYQQTPGQGLQFLFE,GTATCCTGGTACCAACAGACCCCAGGACAGGGCCTTCAGTTCCTCTTTGAA,YFSETQ,TACTTCAGTGAGACACAG,RNKGNFPGRFSGRQFSNSRSEMNVSTLELGDSALYL,AGAAACAAAGGAAACTTCCCTGGTCGATTCTCAGGGCGCCAGTTCTCTAACTCTCGCTCTGAGATGAATGTGAGCACCTTGGAGCTGGGGGACTCGGCCCTTTATCTT,CASSLVGGNQPQHF,TGCGCCAGCAGCTTGGTCGGGGGCAATCAGCCCCAGCATTTT,GDGTRLSIL,GGTGATGGGACTCGACTCTCCATCCTAG,61551,28,61,404,343,408,0,458,118,196,196,211,211,262,262,280,280,388,388,430,430,458
clonotype15,clonotype15_consensus2,568,TRA,TRAV29/DV5,,TRAJ22,TRAC,true,true,DQQVKQNSPSLSVQEGRISILNCDYT,GACCAGCAAGTTAAGCAAAATTCACCATCCCTGAGCGTCCAGGAAGGAAGAATTTCTATTCTGAACTGTGACTATACT,NSMFDY,AACAGCATGTTTGATTAT,FLWYKKYPAEGPTFLIS,TTCCTATGGTACAAAAAATACCCTGCTGAAGGTCCTACATTCCTGATATCT,ISSIKDK,ATAAGTTCCATTAAGGATAAA,NEDGRFTVFLNKSAKHLSLHIVPSQPGDSAVYF,AATGAAGATGGAAGATTCACTGTCTTCTTAAACAAAAGTGCCAAGCACCTCTCTCTGCACATTGTGCCCTCCCAGCCTGGAGACTCTGCAGTGTACTTC,CAARPSSARQLTF,TGTGCAGCAAGGCCGTCGTCTGCAAGGCAACTGACCTTT,GSGTQLTVLP,GGATCTGGGACACAATTGACTGTTTTACCTG,15588,10,111,469,358,474,11,526,189,267,267,285,285,336,336,357,357,456,456,495,495,526
clonotype16,clonotype16_consensus1,530,TRB,TRBV20-1,TRBD1,TRBJ2-1,TRBC2,true,true,GAVVSQHPSWVICKSGTSVKIECRSL,GGTGCTGTCGTCTCTCAACATCCGAGCTGGGTTATCTGTAAGAGTGGAACCTCTGTGAAGATCGAGTGCCGTTCCCTG,DFQATT,GACTTTCAGGCCACAACT,MFWYRQFPKQSLMLMAT,ATGTTTTGGTATCGTCAGTTCCCGAAACAGAGTCTCATGCTGATGGCAACT,SNEGSKA,TCCAATGAGGGCTCCAAGGCC,TYEQGVEKDKFLINHASLTLSTLTVTSAHPEDSSFYI,ACATACGAGCAAGGCGTCGAGAAGGACAAGTTTCTCATCAACCATGCAAGCCTGACCTTGTCCACTCTGACAGTGACCAGTGCCCATCCTGAAGACAGCAGCTTCTACATC,CSASGTAGYSSYNEQFF,TGCAGTGCCTCCGGGACAGCCGGTTACAGCTCCTACAATGAGCAGTTCTTC,GPGTRLTVL,GGGCCAGGGACACGGCTCACCGTGCTAG,68382,101,78,413,335,428,0,478,120,198,198,216,216,267,267,288,288,399,399,450,450,478
clonotype16,clonotype16_consensus2,505,TRA,TRAV1-2,,TRAJ7,TRAC,true,true,GQNIDQPTEMTATEGAIVQINCTYQ,GGACAAAACATTGACCAGCCCACTGAGATGACAGCTACGGAAGGTGCCATTGTCCAGATCAACTGCACGTACCAG,TSGFNG,ACATCTGGGTTCAACGGG,LFWYQQHAGEAPTFLSY,CTGTTCTGGTACCAGCAACATGCTGGCGAAGCACCCACATTTCTGTCTTAC,NVLDGL,AATGTTCTGGATGGTTTG,EEKGRFSSFLSRSKGYSYLLLKELQMKDSASYL,GAGGAGAAAGGTCGTTTTTCTTCATTCCTTAGTCGGTCTAAAGGGTACAGTTACCTCCTTTTGAAGGAGCTCCAGATGAAAGACTCTGCCTCTTACCTC,CAVVEGNNRLAF,TGTGCTGTGGTAGAGGGGAACAACAGACTCGCTTTT,GKGNQVVVIP,GGGAAGGGGAACCAAGTGGTGGTCATACCAA,4729,8,84,402,318,404,0,463,135,210,210,228,228,279,279,297,297,396,396,432,432,463
clonotype17,clonotype17_consensus1,481,TRB,TRBV4-1,,TRBJ2-4,TRBC2,true,true,DTEVTQTPKHLVMGMTNKKSLKCEQH,GACACTGAAGTTACCCAGACACCAAAACACCTGGTCATGGGAATGACAAATAAGAAGTCTTTGAAATGTGAACAACAT,MGHRA,ATGGGGCACAGGGCT,MYWYKQKAKKPPELMFV,ATGTATTGGTACAAGCAGAAAGCTAAGAAGCCACCGGAGCTCATGTTTGTC,YSYEKL,TACAGCTATGAGAAACTC,SINESVPSRFSPECPNSSLLNLHLHALQPEDSALYL,TCTATAAATGAAAGTGTGCCAAGTCGCTTCTCACCTGAATGCCCCAACAGCTCTCTCTTAAACCTTCACCTACACGCCCTGCAGCCAGAAGACTCAGCCCTGTATCTC,CASSQGGLGLDIQYF,TGCGCCAGCAGCCAAGGGGGACTAGGATTAGACATTCAGTACTTC,GAGTRLSVL,GGCGCCGGGACCCGGCTCTCAGTGCTGG,31882,7,29,373,344,379,0,429,86,164,164,179,179,230,230,248,248,356,356,401,401,429
clonotype17,clonotype17_consensus2,527,TRA,TRAV27,,TRAJ6,TRAC,true,true,TQLLEQSPQFLSIQEGENLTVYCNSS,ACCCAGCTGCTGGAGCAGAGCCCTCAGTTTCTAAGCATCCAAGAGGGAGAAAATCTCACTGTGTACTGCAACTCCTCA,SVFSS,AGTGTTTTTTCCAGC,LQWYRQEPGEGPVLLVT,TTACAATGGTACAGACAGGAGCCTGGGGAAGGTCCTGTCCTCCTGGTGACA,VVTGGEV,GTAGTTACGGGTGGAGAAGTG,KKLKRLTFQFGDARKDSSLHITAAQPGDTGLYL,AAGAAGCTGAAGAGACTAACCTTTCAGTTTGGTGATGCAAGAAAGGACAGTTCTCTCCACATCACTGCGGCCCAGCCTGGTGATACAGGCCTCTACCTC,CAGPSGGSYIPTF,TGTGCAGGTCCATCAGGAGGAAGCTACATACCTACATTT,GRGTSLIVHP,GGAAGAGGAACCAGCCTTATTGTTCATCCGT,1998,2,97,425,328,423,0,485,151,229,229,244,244,295,295,316,316,415,415,454,454,485
clonotype18,clonotype18_consensus1,499,TRB,TRBV7-2,,TRBJ2-5,TRBC2,true,true,GAGVSQSPSNKVTEKGKDVELRCDPI,GGAGCTGGAGTCTCCCAGTCCCCCAGTAACAAGGTCACAGAGAAGGGAAAGGATGTAGAGCTCAGGTGTGATCCAATT,SGHTA,TCAGGTCATACTGCC,LYWYRQRLGQGLEFLIY,CTTTACTGGTACCGACAGAGGCTGGGGCAGGGCCTGGAGTTTTTAATTTAC,FQGNSA,TTCCAAGGCAACAGTGCA,PDKSGLPSDRFSAERTGESVSTLTIQRTQQEDSAVYL,CCAGACAAATCAGGGCTGCCCAGTGATCGCTTCTCTGCAGAGAGGACTGGGGAATCCGTCTCCACTCTGACGATCCAGCGCACACAGCAGGAGGACTCGGCCGTGTATCTC,CASSSLGGPETQYF,TGTGCCAGCAGCTCCCTGGGGGGGCCCGAGACCCAGTACTTC,GPGTRLLVL,GGGCCAGGCACGCGGCTCCTGGTGCTCG,49323,55,47,394,347,399,0,447,104,182,182,197,197,248,248,266,266,377,377,419,419,447
clonotype18,clonotype18_consensus2,489,TRA,TRAV12-3,,TRAJ20,TRAC,true,true,QKEVEQDPGPLSVPEGAIVSLNCTYS,CAGAAGGAGGTGGAGCAGGATCCTGGACCACTCAGTGTTCCAGAGGGAGCCATTGTTTCTCTCAACTGCACTTACAGC,NSAFQY,AACAGTGCTTTTCAATAC,FMWYRQYSRKGPELLMY,TTCATGTGGTACAGACAGTATTCCAGAAAAGGCCCTGAGTTGCTGATGTAC,TYSSGN,ACATACTCCAGTGGTAAC,KEDGRFTAQVDKSSKYISLFIRDSQPSDSATYL,AAAGAAGATGGAAGGTTTACAGCACAGGTCGATAAATCCAGCAAGTATATCTCCTTGTTCATCAGAGACTCACAGCCCAGTGATTCAGCCACCTACCTC,CAMIDYKLSF,TGTGCAATGATCGACTACAAGCTCAGCTTT,GAGTTVTVRA,GGAGCCGGAACCACAGTAACTGTAAGAGCAA,15186,17,56,399,343,397,7,447,122,200,200,218,218,269,269,287,287,386,386,416,416,447
clonotype19,clonotype19_consensus1,509,TRB,TRBV6-1,TRBD1,TRBJ2-1,TRBC2,true,true,NAGVTQTPKFQVLKTGQSMTLQCAQD,AATGCTGGTGTCACTCAGACCCCAAAATTCCAGGTCCTGAAGACAGGACAGAGCATGACACTGCAGTGTGCCCAGGAT,MNHNS,ATGAACCATAACTCC,MYWYRQDPGMGLRLIYY,ATGTACTGGTATCGACAAGACCCAGGCATGGGACTGAGGCTGATTTATTAC,SASEGT,TCAGCTTCTGAGGGTACC,TDKGEVPNGYNVSRLNKREFSLRLESAAPSQTSVYF,ACTGACAAAGGAGAAGTCCCCAATGGCTACAATGTCTCCAGATTAAACAAACGGGAGTTCTCGCTCAGGCTGGAGTCGGCTGCTCCCTCCCAGACATCTGTGTACTTC,CASSEAQGANNEQFF,TGTGCCAGCAGTGAAGCTCAGGGGGCGAACAATGAGCAGTTCTTC,GPGTRLTVL,GGGCCAGGGACACGGCTCACCGTGCTAG,63374,27,57,401,344,407,0,457,114,192,192,207,207,258,258,276,276,384,384,429,429,457
clonotype19,clonotype19_consensus2,448,TRA,TRAV9-2,,TRAJ5,TRAC,true,true,GNSVTQMEGPVTLSEEAFLTINCTYT,GGAAATTCAGTGACCCAGATGGAAGGGCCAGTGACTCTCTCAGAAGAGGCCTTCCTGACTATAAACTGCACGTACACA,ATGYPS,GCCACAGGATACCCTTCC,LFWYVQYPGEGLQLLLK,CTTTTCTGGTATGTCCAATATCCTGGAGAAGGTCTACAGCTCCTCCTGAAA,ATKADDK,GCCACGAAGGCTGATGACAAG,GSNKGFEATYRKETTSFHLEKGSVQVSDSAVYF,GGAAGCAACAAAGGTTTTGAAGCCACATACCGTAAAGAAACCACTTCTTTCCACTTGGAGAAAGGCTCAGTTCAAGTGTCAGACTCAGCGGTGTACTTC,CALSYTGRRALTF,TGTGCTCTGAGTTACACGGGCAGGAGAGCACTTACTTTT,GSGTRLQVQP,GGGAGTGGAACAAGACTCCAAGTGCAACCAA,9272,6,12,350,338,346,0,406,69,147,147,165,165,216,216,237,237,336,336,375,375,406
clonotype20,clonotype20_consensus1,485,TRB,TRBV7-4,TRBD1,TRBJ2-3,TRBC2,true,true,GAGVSQSPRYKVAKRGRDVALRCDSI,GGTGCTGGAGTCTCCCAGTCCCCAAGGTACAAAGTCGCAAAGAGGGGACGGGATGTAGCTCTCAGGTGTGATTCAATT,SGHVT,TCGGGTCATGTAACC,LYWYRQTLGQGSEVLTY,CTTTATTGGTACCGACAGACCCTGGGGCAGGGCTCAGAGGTTCTGACTTAC,SQSDAQ,TCCCAGAGTGATGCTCAA,RDKSGRPSGRFSAERPERSVSTLKIQCTEQGDSAVYL,CGAGACAAATCAGGGCGGCCCAGTGGTCGGTTCTCTGCAGAGAGGCCTGAGAGATCCGTCTCCACTCTGAAGATCCAGTGCACAGAGCAGGGGGACTCAGCTGTGTATCTC,CASSPKTRTGSTDTQYF,TGTGCCAGCAGCCCAAAGACCCGGACAGGGAGCACAGATACGCAGTATTTT,GPGTRLTVL,GGCCCAGGCACCCGGCTGACAGTGCTCG,38117,51,24,371,347,384,0,433,81,159,159,174,174,225,225,243,243,354,354,405,405,433
clonotype20,clonotype20_consensus2,533,TRB,TRBV18,,TRBJ2-7,TRBC2,true,true,NAGVMQNPRHLVRRRGQEARLRCSPM,AATGCCGGCGTCATGCAGAACCCAAGACACCTGGTCAGGAGGAGGGGACAGGAGGCAAGACTGAGATGCAGCCCAATG,KGHSH,AAAGGACACAGTCAT,VYWYRQLPEEGLKFMVY,GTTTACTGGTATCGGCAGCTCCCAGAGGAAGGTCTGAAATTCATGGTTTAT,LQKENI,CTCCAGAAAGAAAATATC,IDESGMPKERFSAEFPKEGPSILRIQQVVRGDSAAYF,ATAGATGAGTCAGGAATGCCAAAGGAACGATTTTCTGCTGAATTTCCCAAAGAGGGCCCCAGCATCCTGAGGATCCAGCAGGTAGTGCGAGGAGATTCGGCAGCTTATTTC,CASSPLASKGEQYF,TGTGCCAGCTCACCACTTGCGAGCAAAGGCGAGCAGTACTTC,GPGTRLTVT,GGGCCGGGCACCAGGCTCACGGTCACAG,30529,47,81,428,347,434,0,481,138,216,216,231,231,282,282,300,300,411,411,453,453,481
clonotype20,clonotype20_consensus3,598,TRA,TRAV12-1,,TRAJ49,TRAC,true,true,RKEVEQDPGPFNVPEGATVAFNCTYS,CGGAAGGAGGTGGAGCAGGATCCTGGACCCTTCAATGTTCCAGAGGGAGCCACTGTCGCTTTCAACTGTACTTACAGC,NSASQS,AACAGTGCTTCTCAGTCT,FFWYRQDCRKEPKLLMS,TTCTTCTGGTACAGACAGGATTGCAGGAAAGAACCTAAGTTGCTGATGTCC,VYSSG,GTATACTCCAGTGGT,NEDGRFTAQLNRASQYISLLIRDSKLSDSATYL,AATGAAGATGGAAGGTTTACAGCACAGCTCAATAGAGCCAGCCAGTATATTTCCCTGCTCATCAGAGACTCCAAGCTCAGTGATTCAGCCACCTACCTC,CVVSPDTGNQFYF,TGTGTGGTGAGCCCCGACACCGGTAACCAGTTCTATTTT,GTGTSLTVIP,GGGACAGGGACAAGTTTGACGGTCATTCCAA,7986,19,162,499,337,500,0,556,225,303,303,321,321,372,372,387,387,486,486,525,525,556
clonotype21,clonotype21_consensus1,530,TRB,TRBV20-1,,TRBJ2-1,TRBC2,true,true,GAVVSQHPSRVICKSGTSVKIECRSL,GGTGCTGTCGTCTCTCAACATCCGAGCAGGGTTATCTGTAAGAGTGGAACCTCTGTGAAGATCGAGTGCCGTTCCCTG,DFQATT,GACTTTCAGGCCACAACT,MFWYRQFPKQSLMLMAT,ATGTTTTGGTATCGTCAGTTCCCGAAACAGAGTCTCATGCTGATGGCAACT,SNEGSKA,TCCAATGAGGGCTCCAAGGCC,TYEQGVEKDKFLINHASLTLSTLTVTSAHPEDSSFYI,ACATACGAGCAAGGCGTCGAGAAGGACAAGTTTCTCATCAACCATGCAAGCCTGACCTTGTCCACTCTGACAGTGACCAGTGCCCATCCTGAAGACAGCAGCTTCTACATC,CSAPNRLAAGDYNEQFF,TGCAGTGCGCCGAATCGACTAGCCGCTGGGGATTACAATGAGCAGTTCTTC,GPGTRLTVL,GGGCCAGGGACACGGCTCACCGTGCTAG,8864,19,78,413,335,428,0,478,120,198,198,216,216,267,267,288,288,399,399,450,450,478
clonotype21,clonotype21_consensus2,544,TRA,TRAV12-2,,TRAJ22,TRAC,true,true,QKEVEQNSGPLSVPEGAIASLNCTYS,CAGAAGGAGGTGGAGCAGAATTCTGGACCCCTCAGTGTTCCAGAGGGAGCCATTGCCTCTCTCAACTGCACTTACAGT,DRGSQS,GACCGAGGTTCCCAGTCC,FFWYRQYSGKSPELIMS,TTCTTCTGGTACAGACAATATTCTGGGAAAAGCCCTGAGTTGATAATGTCC,IYSNGD,ATATACTCCAATGGTGAC,KEDGRFTAQLNKASQYVSLLIRDSQPSDSATYL,AAAGAAGATGGAAGGTTTACAGCACAGCTCAATAAAGCCAGCCAGTATGTTTCTCTGCTCATCAGAGACTCCCAGCCCAGTGATTCAGCCACCTACCTC,CAGTSGSARQLTF,TGTGCCGGGACCTCGGGTTCTGCAAGGCAACTGACCTTT,GSGTQLTVLP,GGATCTGGGACACAATTGACTGTTTTACCTG,9150,22,105,445,340,439,0,502,168,246,246,264,264,315,315,333,333,432,432,471,471,502
clonotype21,clonotype21_consensus3,562,TRA,TRAV19,,TRAJ43,TRAC,true,true,AQKVTQAQTEISVVEKEDVTLDCVYE,GCTCAGAAGGTAACTCAAGCGCAGACTGAAATTTCTGTGGTGGAGAAGGAGGATGTGACCTTGGACTGTGTGTATGAA,TRDTTYY,ACCCGTGATACTACTTATTAC,LFWYKQPPSGELVFLIR,TTATTCTGGTACAAGCAACCACCAAGTGGAGAATTGGTTTTCCTTATTCGT,RNSFDEQN,CGGAACTCTTTTGATGAGCAAAAT,EISGRYSWNFQKSTSSFNFTITASQVVDSAVYF,GAAATAAGTGGTCGGTATTCTTGGAACTTCCAGAAATCCACCAGTTCCTTCAACTTCACCATCACAGCCTCACAAGTCGTGGACTCAGCAGTATACTTC,CALTEGGNNDMRF,TGTGCTCTGACCGAGGGGGGTAACAATGACATGCGCTTT,GAGTRLTVKP,GGAGCAGGGACCAGACTGACAGTAAAACCAA,5454,14,117,467,350,466,0,520,177,255,255,276,276,327,327,351,351,450,450,489,489,520
clonotype22,clonotype22_consensus1,475,TRB,TRBV2,,TRBJ2-7,TRBC2,true,true,EPEVTQTPSHQVTQMGQEVILRCVPI,GAACCTGAAGTCACCCAGACTCCCAGCCATCAGGTCACACAGATGGGACAGGAAGTGATCTTGCGCTGTGTCCCCATC,SNHLY,TCTAATCACTTATAC,FYWYRQILGQKVEFLVS,TTCTATTGGTACAGACAAATCTTGGGGCAGAAAGTCGAGTTTCTGGTTTCC,FYNNEI,TTTTATAATAATGAAATC,SEKSEIFDDQFSVERPDGSNFTLKIRSTKLEDSAMYF,TCAGAGAAGTCTGAAATATTCGATGATCAATTCTCAGTTGAAAGGCCTGATGGATCAAATTTCACTCTGAAGATCCGGTCCACAAAGCTGGAGGACTCAGCCATGTACTTC,CASSETSVSSEQYF,TGTGCCAGCAGTGAAACATCAGTCTCCTCGGAGCAGTACTTC,GPGTRLTVT,GGGCCGGGCACCAGGCTCACGGTCACAG,38683,19,23,370,347,376,0,423,80,158,158,173,173,224,224,242,242,353,353,395,395,423
clonotype22,clonotype22_consensus2,600,TRA,TRAV36/DV7,,TRAJ24,TRAC,true,true,EDKVVQSPLSLVVHEGDTVTLNCSYE,GAAGACAAGGTGGTACAAAGCCCTCTATCTCTGGTTGTCCACGAGGGAGACACTGTAACTCTCAATTGCAGTTATGAA,VTNFRS,GTGACTAACTTTCGAAGC,LLWYKQEKKAPTFLFM,CTACTATGGTACAAGCAGGAAAAGAAAGCTCCCACATTTCTATTTATG,LTSSGIE,CTAACTTCAAGTGGAATTGAA,KKSGRLSSILDKKELFSILNITATQTGDSAVYL,AAGAAGTCAGGAAGACTAAGTAGCATATTAGATAAGAAAGAACTTTTCAGCATCCTGAACATCACAGCCACCCAGACCGGAGACTCGGCCGTCTACCTC,CAVDPTDSWGKLQF,TGTGCTGTGGACCCCACTGACAGCTGGGGGAAATTGCAGTTT,GAGTQVVVTP,GGAGCAGGGACCCAGGTTGTGGTCACCCCAG,17494,10,158,498,340,495,0,558,221,299,299,317,317,365,365,386,386,485,485,527,527,558
clonotype23,clonotype23_consensus1,476,TRB,TRBV11-2,,TRBJ1-3,TRBC1,true,true,EAGVAQSPRYKIIEKRQSVAFWCNPI,GAAGCTGGAGTTGCCCAGTCTCCCAGATATAAGATTATAGAGAAAAGGCAGAGTGTGGCTTTTTGGTGCAATCCTATA,SGHAT,TCTGGCCATGCTACC,LYWYQQILGQGPKLLIQ,CTTTACTGGTACCAGCAGATCCTGGGACAGGGCCCAAAGCTTCTGATTCAG,FQNNGV,TTTCAGAATAACGGTGTA,VDDSQLPKDRFSAERLKGVDSTLKIQPAKLEDSAVYL,GTGGATGATTCACAGTTGCCTAAGGATCGATTTTCTGCAGAGAGGCTCAAAGGAGTAGACTCCACTCTCAAGATCCAACCTGCAAAGCTTGAGGACTCGGCCGTGTATCTC,CASRLTGAGNTIYF,TGTGCCAGCAGGCTAACAGGGGCAGGAAACACCATATATTTT,GEGSWLTVV,GGAGAGGGAAGTTGGCTCACTGTTGTAG,50456,18,24,366,342,374,0,424,81,159,159,174,174,225,225,243,243,354,354,396,396,424
clonotype23,clonotype23_consensus2,501,TRA,TRAV9-2,,TRAJ4,TRAC,true,true,GNSVTQMEGPVTLSEEAFLTINCTYT,GGAAATTCAGTGACCCAGATGGAAGGGCCAGTGACTCTCTCAGAAGAGGCCTTCCTGACTATAAACTGCACGTACACA,ATGYPS,GCCACAGGATACCCTTCC,LFWYVQYPGEGLQLLLK,CTTTTCTGGTATGTCCAATATCCTGGAGAAGGTCTACAGCTCCTCCTGAAA,ATKADDK,GCCACGAAGGCTGATGACAAG,GSNKGFEATYRKETTSFHLEKGSVQVSDSAVYF,GGAAGCAACAAAGGTTTTGAAGCCACATACCGTAAAGAAACCACTTCTTTCCACTTGGAGAAAGGCTCAGTTCAAGTGTCAGACTCAGCGGTGTACTTC,CALSEPFSGGYNKLIF,TGTGCTCTGAGTGAACCTTTTTCTGGTGGCTACAATAAGCTGATTTTT,GAGTRLAVHP,GGAGCAGGGACCAGGCTGGCTGTACACCCAT,15505,7,56,394,338,396,0,459,113,191,191,209,209,260,260,281,281,380,380,428,428,459
clonotype24,clonotype24_consensus1,503,TRB,TRBV5-1,,TRBJ2-7,TRBC2,true,true,KAGVTQTPRYLIKTRGQQVTLSCSPI,AAGGCTGGAGTCACTCAAACTCCAAGATATCTGATCAAAACGAGAGGACAGCAAGTGACACTGAGCTGCTCCCCTATC,SGHRS,TCTGGGCATAGGAGT,VSWYQQTPGQGLQFLFE,GTATCCTGGTACCAACAGACCCCAGGACAGGGCCTTCAGTTCCTCTTTGAA,YFSETQ,TACTTCAGTGAGACACAG,RNKGNFPGRFSGRQFSNSRSEMNVSTLELGDSALYL,AGAAACAAAGGAAACTTCCCTGGTCGATTCTCAGGGCGCCAGTTCTCTAACTCTCGCTCTGAGATGAATGTGAGCACCTTGGAGCTGGGGGACTCGGCCCTTTATCTT,CASSLSQVGFYEQYF,TGCGCCAGCAGCTTGTCGCAGGTGGGGTTCTACGAGCAGTACTTC,GPGTRLTVT,GGGCCGGGCACCAGGCTCACGGTCACAG,7846,18,51,394,343,404,0,451,108,186,186,201,201,252,252,270,270,378,378,423,423,451
clonotype24,clonotype24_consensus2,495,TRA,TRAV13-2,,TRAJ17,TRAC,true,true,GESVGLHLPTLSVQEGDNSIINCAYS,GGAGAGAGTGTGGGGCTGCATCTTCCTACCCTGAGTGTCCAGGAGGGTGACAACTCTATTATCAACTGTGCTTATTCA,NSASDY,AACAGCGCCTCAGACTAC,FIWYKQESGKGPQFIID,TTCATTTGGTACAAGCAAGAATCTGGAAAAGGTCCTCAATTCATTATAGAC,IRSNMDK,ATTCGTTCAAATATGGACAAA,RQGQRVTVLLNKTVKHLSLQIAATQPGDSAVYF,AGGCAAGGCCAAAGAGTCACCGTTTTATTGAATAAGACAGTGAAACATCTCTCTCTGCAAATTGCAGCTACTCAACCTGGAGACTCAGCTGTCTACTTT,CAENKDKAAGNKLTF,TGTGCAGAGAATAAAGACAAAGCTGCAGGCAACAAGCTAACTTTT,GGGTRVLVKP,GGAGGAGGAACCAGGGTGCTAGTTAAACCAA,4231,12,50,390,340,390,0,453,110,188,188,206,206,257,257,278,278,377,377,422,422,453
clonotype25,clonotype25_consensus1,660,TRB,TRBV19,,TRBJ1-1,TRBC1,true,true,DGGITQSPKYLFRKEGQNVTLSCEQN,GATGGTGGAATCACTCAGTCCCCAAAGTACCTGTTCAGAAAGGAAGGACAGAATGTGACCCTGAGTTGTGAACAGAAT,LNHDA,TTGAACCACGATGCC,MYWYRQDPGQGLRLIYY,ATGTACTGGTACCGACAGGACCCAGGGCAAGGGCTGAGATTGATCTACTAC,SQIVND,TCACAGATAGTAAATGAC,FQKGDIAEGYSVSREKKESFPLTVTSAQKNPTAFYL,TTTCAGAAAGGAGATATAGCTGAAGGGTACAGCGTCTCTCGGGAGAAGAAGGAATCCTTTCCTCTCACTGTGACATCGGCCCAAAAGAACCCGACAGCTTTCTATCTC,CASSIGTALNTEAFF,TGTGCCAGTAGTATCGGGACAGCTTTGAACACTGAAGCTTTCTTT,GQGTRLTVV,GGACAAGGCACCAGACTCACAGTTGTAG,20598,17,208,552,344,560,0,608,265,343,343,358,358,409,409,427,427,535,535,580,580,608
clonotype25,clonotype25_consensus2,571,TRA,TRAV19,,TRAJ57,TRAC,true,true,AQKVTQAQTEISVVEKEDVTLDCVYE,GCTCAGAAGGTAACTCAAGCGCAGACTGAAATTTCTGTGGTGGAGAAGGAGGATGTGACCTTGGACTGTGTGTATGAA,TRDTTYY,ACCCGTGATACTACTTATTAC,LFWYKQPPSGELVFLIR,TTATTCTGGTACAAGCAACCACCAAGTGGAGAATTGGTTTTCCTTATTCGT,RNSFDEQN,CGGAACTCTTTTGATGAGCAAAAT,EISGRYSWNFQKSTSSFNFTITASQVVDSAVYF,GAAATAAGTGGTCGGTATTCTTGGAACTTCCAGAAATCCACCAGTTCCTTCAACTTCACCATCACAGCCTCACAAGTCGTGGACTCAGCAGTATACTTC,CALSGLTQGGSEKLVF,TGTGCTCTGAGTGGCCTTACTCAGGGCGGATCTGAAAAGCTGGTCTTT,GKGMKLTVNP,GGAAAGGGAATGAAACTGACAGTAAACCCAT,12247,8,117,467,350,466,0,529,177,255,255,276,276,327,327,351,351,450,450,498,498,529
clonotype26,clonotype26_consensus1,635,TRB,TRBV19,,TRBJ1-1,TRBC1,true,true,DGGITQSPKYLFRKEGQNVTLSCEQN,GATGGTGGAATCACTCAGTCCCCAAAGTACCTGTTCAGAAAGGAAGGACAGAATGTGACCCTGAGTTGTGAACAGAAT,LNHDA,TTGAACCACGATGCC,MYWYRQDPGQGLRLIYY,ATGTACTGGTACCGACAGGACCCAGGGCAAGGGCTGAGATTGATCTACTAC,SQIVND,TCACAGATAGTAAATGAC,FQKGDIAEGYSVSREKKESFPLTVTSAQKNPTAFYL,TTTCAGAAAGGAGATATAGCTGAAGGGTACAGCGTCTCTCGGGAGAAGAAGGAATCCTTTCCTCTCACTGTGACATCGGCCCAAAAGAACCCGACAGCTTTCTATCTC,CASSIGTALNTEAFF,TGTGCCAGTAGTATTGGGACAGCCTTGAACACTGAAGCTTTCTTT,GQGTRLTVV,GGACAAGGCACCAGACTCACAGTTGTAG,36553,10,183,527,344,535,0,583,240,318,318,333,333,384,384,402,402,510,510,555,555,583
clonotype26,clonotype26_consensus2,571,TRA,TRAV19,,TRAJ57,TRAC,true,true,AQKVTQAQTEISVVEKEDVTLDCVYE,GCTCAGAAGGTAACTCAAGCGCAGACTGAAATTTCTGTGGTGGAGAAGGAGGATGTGACCTTGGACTGTGTGTATGAA,TRDTTYY,ACCCGTGATACTACTTATTAC,LFWYKQPPSGELVFLIR,TTATTCTGGTACAAGCAACCACCAAGTGGAGAATTGGTTTTCCTTATTCGT,RNSFDEQN,CGGAACTCTTTTGATGAGCAAAAT,EISGRYSWNFQKSTSSFNFTITASQVVDSAVYF,GAAATAAGTGGTCGGTATTCTTGGAACTTCCAGAAATCCACCAGTTCCTTCAACTTCACCATCACAGCCTCACAAGTCGTGGACTCAGCAGTATACTTC,CALSGLTQGGSEKLVF,TGTGCTCTGAGTGGGTTAACTCAGGGCGGATCTGAAAAGCTGGTCTTT,GKGMKLTVNP,GGAAAGGGAATGAAACTGACAGTAAACCCAT,19841,9,117,467,350,466,0,529,177,255,255,276,276,327,327,351,351,450,450,498,498,529
clonotype27,clonotype27_consensus1,502,TRB,TRBV7-3,,TRBJ1-2,TRBC1,true,true,GAGVSQTPSNKVTEKGKYVELRCDPI,GGTGCTGGAGTCTCCCAGACCCCCAGTAACAAGGTCACAGAGAAGGGAAAATATGTAGAGCTCAGGTGTGATCCAATT,SGHTA,TCAGGTCATACTGCC,LYWYRQSLGQGPEFLIY,CTTTACTGGTACCGACAAAGCCTGGGGCAGGGCCCAGAGTTTCTAATTTAC,FQGTGA,TTCCAAGGCACGGGTGCG,ADDSGLPNDRFFAVRPEGSVSTLKIQRTERGDSAMYL,GCAGATGACTCAGGGCTGCCCAACGATCGGTTCTTTGCAGTCAGGCCTGAGGGATCCGTCTCTACTCTGAAGATCCAGCGCACAGAGCGGGGGGACTCAGCCATGTATCTC,CASSLFGTKYGYTF,TGTGCCAGCAGCCTGTTCGGGACAAAGTATGGCTACACCTTC,GSGTRLTVV,GGTTCGGGGACCAGGTTAACCGTTGTAG,66958,44,50,397,347,402,0,450,107,185,185,200,200,251,251,269,269,380,380,422,422,450
clonotype27,clonotype27_consensus2,508,TRA,TRAV29/DV5,,TRAJ31,TRAC,true,true,DQQVKQNSPSLSVQEGRISILNCDYT,GACCAGCAAGTTAAGCAAAATTCACCATCCCTGAGCGTCCAGGAAGGAAGAATTTCTATTCTGAACTGTGACTATACT,NSMFDY,AACAGCATGTTTGATTAT,FLWYKKYPAEGPTFLIS,TTCCTATGGTACAAAAAATACCCTGCTGAAGGTCCTACATTCCTGATATCT,ISSIKDK,ATAAGTTCCATTAAGGATAAA,NEDGRFTVFLNKSAKHLSLHIVPSQPGDSAVYF,AATGAAGATGGAAGATTCACTGTTTTCTTAAACAAAAGTGCCAAGCACCTCTCTCTGCACATTGTGCCCTCCCAGCCTGGAGACTCTGCAGTGTACTTC,CAASVGNARLMF,TGTGCAGCAAGCGTAGGGAATGCCAGACTCATGTTT,GDGTQLVVKP,GGAGATGGAACTCAGCTGGTGGTGAAGCCCA,7145,6,54,412,358,417,8,466,132,210,210,228,228,279,279,300,300,399,399,435,435,466
clonotype28,clonotype28_consensus1,502,TRB,TRBV28,,TRBJ2-4,TRBC2,true,true,DVKVTQSSRYLVKRTGEKVFLECVQD,GATGTGAAAGTAACCCAGAGCTCGAGATATCTAGTCAAAAGGACGGGAGAGAAAGTTTTTCTGGAATGTGTCCAGGAT,MDHEN,ATGGACCATGAAAAT,MFWYRQDPGLGLRLIYF,ATGTTCTGGTATCGACAAGACCCAGGTCTGGGGCTACGGCTGATCTATTTC,SYDVKM,TCATATGATGTTAAAATG,KEKGDIPEGYSVSREKKERFSLILESASTNQTSMYL,AAAGAAAAAGGAGATATTCCTGAGGGGTACAGTGTCTCTAGAGAGAAGAAGGAGCGCTTCTCCCTGATTCTGGAGTCCGCCAGCACCAACCAGACATCTATGTACCTC,CASRSPPPGQNIQYF,TGTGCCAGCAGATCCCCCCCGCCGGGGCAAAACATTCAGTACTTC,GAGTRLSVL,GGCGCCGGGACCCGGCTCTCAGTGCTGG,64505,29,50,394,344,400,0,450,107,185,185,200,200,251,251,269,269,377,377,422,422,450
clonotype28,clonotype28_consensus2,568,TRA,TRAV29/DV5,,TRAJ29,TRAC,true,true,DQQVKQNSPSLSVQEGRISILNCDYT,GACCAGCAAGTTAAGCAAAATTCACCATCCCTGAGCGTCCAGGAAGGAAGAATTTCTATTCTGAACTGTGACTATACT,NSMFDY,AACAGCATGTTTGATTAT,FLWYKKYPAEGPTFLIS,TTCCTATGGTACAAAAAATACCCTGCTGAAGGTCCTACATTCCTGATATCT,ISSIKDK,ATAAGTTCCATTAAGGATAAA,NEDGRFTVFLNKSAKHLSLHIVPSQPGDSAVYF,AATGAAGATGGAAGATTCACTGTCTTCTTAAACAAAAGTGCCAAGCACCTCTCTCTGCACATTGTGCCCTCCCAGCCTGGAGACTCTGCAGTGTACTTC,CAARNSGNTPLVF,TGTGCAGCAAGGAATTCAGGAAACACACCTCTTGTCTTT,GKGTRLSVIA,GGAAAGGGCACAAGACTTTCTGTGATTGCAA,7080,5,111,469,358,466,0,526,189,267,267,285,285,336,336,357,357,456,456,495,495,526
clonotype29,clonotype29_consensus1,518,TRB,TRBV7-9,,TRBJ1-1,TRBC1,true,true,DTGVSQDPRHKITKRGQNVTFRCDPI,GATACTGGAGTCTCCCAGGACCCCAGACACAAGATCACAAAGAGGGGACAGAATGTAACTTTCAGGTGTGATCCAATT,SEHNR,TCTGAACACAACCGC,LYWYRQTLGQGPEFLTY,CTTTATTGGTACCGACAGACCCTGGGGCAGGGCCCAGAGTTTCTGACTTAC,FQNEAQ,TTCCAGAATGAAGCTCAA,LEKSRLLSDRFSAERPKGSFSTLEIQRTEQGDSAMYL,CTAGAAAAATCAAGGCTGCTCAGTGATCGGTTCTCTGCAGAGAGGCCTAAGGGATCTTTCTCCACCTTGGAGATCCAGCGCACAGAGCAGGGGGACTCGGCCATGTATCTC,CASSFRGRRTEAFF,TGTGCCAGCAGCTTTAGGGGGCGAAGGACTGAAGCTTTCTTT,GQGTRLTVV,GGACAAGGCACCAGACTCACAGTTGTAG,64582,34,66,413,347,418,0,466,123,201,201,216,216,267,267,285,285,396,396,438,438,466
clonotype29,clonotype29_consensus2,532,TRA,TRAV14/DV4,,TRAJ23,TRAC,true,true,AQKITQTQPGMFVQEKEAVTLDCTYD,GCCCAGAAGATAACTCAAACCCAACCAGGAATGTTCGTGCAGGAAAAGGAGGCTGTGACTCTGGACTGCACATATGAC,TSDPSYG,ACCAGTGATCCAAGTTATGGT,LFWYKQPSSGEMIFLIY,CTATTCTGGTACAAGCAGCCCAGCAGTGGGGAAATGATTTTTCTTATTTAT,QGSYDQQN,CAGGGGTCTTATGACCAGCAAAAT,ATEGRYSLNFQKARKSANLVISASQLGDSAMYF,GCAACAGAAGGTCGCTACTCATTGAATTTCCAGAAGGCAAGAAAATCCGCCAACCTTGTCATCTCCGCTTCACAACTGGGGGACTCAGCAATGTATTTC,CAMREGAGNNQGGKLIF,TGTGCAATGAGAGAGGGCGCGGGAAATAACCAGGGAGGAAAGCTTATCTTC,GQGTELSVKP,GGACAGGGAACGGAGTTATCTGTGAAACCCA,10784,7,75,425,350,427,0,490,135,213,213,234,234,285,285,309,309,408,408,459,459,490
clonotype30,clonotype30_consensus1,676,TRB,TRBV5-6,,TRBJ2-7,TRBC2,true,true,DAGVTQSPTHLIKTRGQQVTLRCSPK,GACGCTGGAGTCACCCAAAGTCCCACACACCTGATCAAAACGAGAGGACAGCAAGTGACTCTGAGATGCTCTCCTAAG,SGHDT,TCTGGGCATGACACT,VSWYQQALGQGPQFIFQ,GTGTCCTGGTACCAACAGGCCCTGGGTCAGGGGCCCCAGTTTATCTTTCAG,YYEEEE,TATTATGAGGAGGAAGAG,RQRGNFPDRFSGHQFPNYSSELNVNALLLGDSALYL,AGACAGAGAGGCAACTTCCCTGATCGATTCTCAGGTCACCAGTTCCCTAACTATAGCTCTGAGCTGAATGTGAACGCCTTGTTGCTGGGGGACTCGGCCCTCTATCTC,CASRGRGRALNEQYV,TGTGCCAGCAGGGGTCGGGGGAGGGCTCTCAACGAGCAGTACGTC,GPGTRLTVT,GGGCCGGGCACCAGGCTCACGGTCACAG,32897,10,224,567,343,577,0,624,281,359,359,374,374,425,425,443,443,551,551,596,596,624
clonotype30,clonotype30_consensus2,520,TRA,TRAV6,,TRAJ5,TRAC,true,true,SQKIEQNSEALNIQEGKTATLTCNYT,AGCCAAAAGATAGAACAGAATTCCGAGGCCCTGAACATTCAGGAGGGTAAAACGGCCACCCTGACCTGCAACTATACA,NYSPAY,AACTATTCTCCAGCATAC,LQWYRQDPGRGPVFLLL,TTACAGTGGTACCGACAAGATCCAGGAAGAGGCCCTGTTTTCTTGCTACTC,IRENEKE,ATACGTGAAAATGAGAAAGAA,KRKERLKVTFDTTLKQSLFHITASQPADSATYL,AAAAGGAAAGAAAGACTGAAGGTCACCTTTGATACCACCCTTAAACAGAGTTTGTTTCATATCACAGCCTCCCAGCCTGCAGACTCAGCTACCTACCTC,CALPVSSMDTGRRALTF,TGTGCTCTCCCCGTTAGCTCTATGGACACGGGCAGGAGAGCACTTACTTTT,GSGTRLQVQP,GGGAGTGGAACAAGACTCCAAGTGCAACCAA,24473,7,12,409,397,418,0,478,129,207,207,225,225,276,276,297,297,396,396,447,447,478
clonotype31,clonotype31_consensus1,490,TRB,TRBV5-1,,TRBJ1-2,TRBC1,true,true,KAGVTQTPRYLIKTRGQQVTLSCSPI,AAGGCTGGAGTCACTCAAACTCCAAGATATCTGATCAAAACGAGAGGACAGCAAGTGACACTGAGCTGCTCCCCTATC,SGHRS,TCTGGGCATAGGAGT,VSWYQQTPGQGLQFLFE,GTATCCTGGTACCAACAGACCCCAGGACAGGGCCTTCAGTTCCTCTTTGAA,YFSETQ,TACTTCAGTGAGACACAG,RNKGNFPGRFSGRQFSNSRSEMNVSTLELGDSALYL,AGAAACAAAGGAAACTTCCCTGGTCGATTCTCAGGGCGCCAGTTCTCTAACTCTCGCTCTGAGATGAATGTGAGCACCTTGGAGCTGGGGGACTCGGCCCTTTATCTT,CASSFPPGGPNYGYTF,TGCGCCAGCAGCTTCCCTCCAGGGGGGCCGAACTATGGCTACACCTTC,GSGTRLTVV,GGTTCGGGGACCAGGTTAACCGTTGTAG,16517,6,35,378,343,390,0,438,92,170,170,185,185,236,236,254,254,362,362,410,410,438
clonotype31,clonotype31_consensus2,544,TRA,TRAV12-2,,TRAJ43,TRAC,true,true,QKEVEQNSGPLSVPEGAIASLNCTYS,CAGAAGGAGGTGGAGCAGAATTCTGGACCCCTCAGTGTTCCAGAGGGAGCCATTGCCTCTCTCAACTGCACTTACAGT,DRGSQS,GACCGAGGTTCCCAGTCC,FFWYRQYSGKSPELIMS,TTCTTCTGGTACAGACAATATTCTGGGAAAAGCCCTGAGTTGATAATGTCC,IYSNGD,ATATACTCCAATGGTGAC,KEDGRFTAQLNKASQYVSLLIRDSQPSDSATYL,AAAGAAGATGGAAGGTTTACAGCACAGCTCAATAAAGCCAGCCAGTATGTTTCTCTGCTCATCAGAGACTCCCAGCCCAGTGATTCAGCCACCTACCTC,CAVISPYNNDMRF,TGTGCCGTGATCTCGCCCTATAACAATGACATGCGCTTT,GAGTRLTVKP,GGAGCAGGGACCAGACTGACAGTAAAACCAA,21482,6,105,445,340,448,0,502,168,246,246,264,264,315,315,333,333,432,432,471,471,502
clonotype32,clonotype32_consensus1,500,TRB,TRBV7-6,,TRBJ2-1,TRBC2,true,true,GAGVSQSPRYKVTKRGQDVALRCDPI,GGTGCTGGAGTCTCCCAGTCTCCCAGGTACAAAGTCACAAAGAGGGGACAGGATGTAGCTCTCAGGTGTGATCCAATT,SGHVS,TCGGGTCATGTATCC,LYWYRQALGQGPEFLTY,CTTTATTGGTACCGACAGGCCCTGGGGCAGGGCCCAGAGTTTCTGACTTAC,FNYEAQ,TTCAATTATGAAGCCCAA,QDKSGLPNDRFSAERPEGSISTLTIQRTEQRDSAMYR,CAAGACAAATCAGGGCTGCCCAATGATCGGTTCTCTGCAGAGAGGCCTGAGGGATCCATCTCCACTCTGACGATCCAGCGCACAGAGCAGCGGGACTCGGCCATGTATCGC,CASSSSGTDPSEQFF,TGTGCCAGCAGCTCTTCCGGGACCGACCCCAGTGAGCAGTTCTTC,GPGTRLTVL,GGGCCAGGGACACGGCTCACCGTGCTAG,62379,29,45,392,347,398,0,448,102,180,180,195,195,246,246,264,264,375,375,420,420,448
clonotype32,clonotype32_consensus2,506,TRA,TRAV17,,TRAJ13,TRAC,true,true,SQQGEEDPQALSIQEGENATMNCSYK,AGTCAACAGGGAGAAGAGGATCCTCAGGCCTTGAGCATCCAGGAGGGTGAAAATGCCACCATGAACTGCAGTTACAAA,TSINN,ACTAGTATAAACAAT,LQWYRQNSGRGLVHLIL,TTACAGTGGTATAGACAAAATTCAGGTAGAGGCCTTGTCCACCTAATTTTA,IRSNERE,ATACGTTCAAATGAAAGAGAG,KHSGRLRVTLDTSKKSSSLLITASRAADTASYF,AAACACAGTGGAAGATTAAGAGTCACGCTTGACACTTCCAAGAAAAGCAGTTCCTTGTTGATCACGGCTTCCCGGGCAGCAGACACTGCTTCTTACTTC,CATDEGWSGGYQKVTF,TGTGCTACGGACGAAGGTTGGTCTGGGGGTTACCAGAAAGTTACCTTT,GTGTKLQVIP,GGAACTGGAACAAAGCTCCAAGTCATCCCAA,12109,7,61,398,337,401,0,464,121,199,199,214,214,265,265,286,286,385,385,433,433,464
clonotype33,clonotype33_consensus1,507,TRB,TRBV7-9,,TRBJ2-1,TRBC2,true,true,DTGVSQDPRHKITKRGQNVTFRCDPI,GATACTGGAGTCTCCCAGGACCCCAGACACAAGATCACAAAGAGGGGACAGAATGTAACTTTCAGGTGTGATCCAATT,SEHNR,TCTGAACACAACCGC,LYWYRQTLGQGPEFLTY,CTTTATTGGTACCGACAGACCCTGGGGCAGGGCCCAGAGTTTCTGACTTAC,FQNEAQ,TTCCAGAATGAAGCTCAA,LEKSRLLSDRFSAERPKGSFSTLEIQRTEQGDSAMYL,CTAGAAAAATCAAGGCTGCTCAGTGATCGGTTCTCTGCAGAGAGGCCTAAGGGATCTTTCTCCACCTTGGAGATCCAGCGCACAGAGCAGGGGGACTCGGCCATGTATCTC,CASSLVAGSYNEQFF,TGTGCCAGCAGCTTAGTCGCAGGGTCCTACAATGAGCAGTTCTTC,GPGTRLTVL,GGGCCAGGGACACGGCTCACCGTGCTAG,38340,15,52,399,347,405,0,455,109,187,187,202,202,253,253,271,271,382,382,427,427,455
clonotype33,clonotype33_consensus2,565,TRA,TRAV19,,TRAJ39,TRAC,true,true,AQKVTQAQTEISVVEKEDVTLDCVYE,GCTCAGAAGGTAACTCAAGCGCAGACTGAAATTTCTGTGGTGGAGAAGGAGGATGTGACCTTGGACTGTGTGTATGAA,TRDTTYY,ACCCGTGATACTACTTATTAC,LFWYKQPPSGELVFLIR,TTATTCTGGTACAAGCAACCACCAAGTGGAGAATTGGTTTTCCTTATTCGT,RNSFDEQN,CGGAACTCTTTTGATGAGCAAAAT,EISGRYSWNFQKSTSSFNFTITASQVVDSAVYF,GAAATAAGTGGTCGGTATTCTTGGAACTTCCAGAAATCCACCAGTTCCTTCAACTTCACCATCACAGCCTCACAAGTCGTGGACTCAGCAGTATACTTC,CALLTNNAGNMLTF,TGTGCTCTCCTTACCAATAATGCAGGCAACATGCTCACCTTT,GGGTRLMVKP,GGAGGGGGAACAAGGTTAATGGTCAAACCCC,9464,67,117,458,341,460,0,523,177,255,255,276,276,327,327,351,351,450,450,492,492,523
clonotype34,clonotype34_consensus1,478,TRB,TRBV2,,TRBJ1-5,TRBC1,true,true,EPEVTQTPSHQVTQMGQEVILRCVPI,GAACCTGAAGTCACCCAGACTCCCAGCCATCAGGTCACACAGATGGGACAGGAAGTGATCTTGCGCTGTGTCCCCATC,SNHLY,TCTAATCACTTATAC,FYWYRQILGQKVEFLVS,TTCTATTGGTACAGACAAATCTTGGGGCAGAAAGTCGAGTTTCTGGTTTCC,FYNNEI,TTTTATAATAATGAAATC,SEKSEIFDDQFSVERPDGSNFTLKIRSTKLEDSAMYF,TCAGAGAAGTCTGAAATATTCGATGATCAATTCTCAGTTGAAAGGCCTGATGGATCAAATTTCACTCTGAAGATCCGGTCCACAAAGCTGGAGGACTCAGCCATGTACTTC,CASKLSGGARQPQHF,TGTGCCAGCAAGCTTTCGGGGGGCGCCAGGCAGCCCCAGCATTTT,GDGTRLSIL,GGTGATGGGACTCGACTCTCCATCCTAG,56616,47,23,363,340,376,0,426,80,158,158,173,173,224,224,242,242,353,353,398,398,426
clonotype34,clonotype34_consensus2,571,TRA,TRAV29/DV5,,TRAJ53,TRAC,true,true,DQQVKQNSPSLSVQEGRISILNCDYT,GACCAGCAAGTTAAGCAAAATTCACCATCCCTGAGCGTCCAGGAAGGAAGAATTTCTATTCTGAACTGTGACTATACT,NSMFDY,AACAGCATGTTTGATTAT,FLWYKKYPAEGPTFLIS,TTCCTATGGTACAAAAAATACCCTGCTGAAGGTCCTACATTCCTGATATCT,ISSIKDK,ATAAGTTCCATTAAGGATAAA,NEDGRFTVFLNKSAKHLSLHIVPSQPGDSAVYF,AATGAAGATGGAAGATTCACTGTTTTCTTAAACAAAAGTGCCAAGCACCTCTCTCTGCACATTGTGCCCTCCCAGCCTGGAGACTCTGCAGTGTACTTC,CAASATGSNYKLTF,TGTGCAGCAAGCGCAACCGGTAGCAACTATAAACTGACATTT,GKGTLLTVNP,GGAAAAGGAACTCTCTTAACCGTGAATCCAA,16522,15,111,469,358,474,11,529,189,267,267,285,285,336,336,357,357,456,456,498,498,529
clonotype35,clonotype35_consensus1,570,TRB,TRBV19,,TRBJ1-2,TRBC1,true,true,DGGITQSPKYLFRKEGQNVTLSCEQN,GATGGTGGAATCACTCAGTCCCCAAAGTACCTGTTCAGAAAGGAAGGACAGAATGTGACCCTGAGTTGTGAACAGAAT,LNHDA,TTGAACCACGATGCC,MYWYRQDPGQGLRLIYY,ATGTACTGGTACCGACAGGACCCAGGGCAAGGGCTGAGATTGATCTACTAC,SQIVND,TCACAGATAGTAAATGAC,FQKGDIAEGYSVSREKKESFPLTVTSAQKNPTAFYL,TTTCAGAAAGGAGATATAGCTGAAGGGTACAGCGTCTCTCGGGAGAAGAAGGAATCCTTTCCTCTCACTGTGACATCGGCCCAAAAGAACCCGACAGCTTTCTATCTC,CASSIGRSGPGGYGYTF,TGTGCCAGTAGTATTGGACGGTCGGGCCCTGGAGGCTATGGCTACACCTTC,GSGTRLTVV,GGTTCGGGGACCAGGTTAACCGTTGTAG,28354,14,112,456,344,470,0,518,169,247,247,262,262,313,313,331,331,439,439,490,490,518
clonotype35,clonotype35_consensus2,571,TRA,TRAV29/DV5,,TRAJ56,TRAC,true,true,DQQVKQNSPSLSVQEGRISILNCDYT,GACCAGCAAGTTAAGCAAAATTCACCATCCCTGAGCGTCCAGGAAGGAAGAATTTCTATTCTGAACTGTGACTATACT,NSMFDY,AACAGCATGTTTGATTAT,FLWYKKYPAEGPTFLIS,TTCCTATGGTACAAAAAATACCCTGCTGAAGGTCCTACATTCCTGATATCT,ISSIKDK,ATAAGTTCCATTAAGGATAAA,NEDGRFTVFLNKSAKHLSLHIVPSQPGDSAVYF,AATGAAGATGGAAGATTCACTGTCTTCTTAAACAAAAGTGCCAAGCACCTCTCTCTGCACATTGTGCCCTCCCAGCCTGGAGACTCTGCAGTGTACTTC,CAASQTGANSKLTF,TGTGCAGCAAGCCAAACTGGAGCCAATAGTAAGCTGACATTT,GKGITLSVRP,GGAAAAGGAATAACTCTGAGTGTTAGACCAG,21849,6,111,469,358,467,0,529,189,267,267,285,285,336,336,357,357,456,456,498,498,529
clonotype35,clonotype35_consensus3,563,TRA,TRAV22,,TRAJ20,TRAC,true,true,GIQVEQSPPDLILQEGANSTLRCNFS,GGAATACAAGTGGAGCAGAGTCCTCCAGACCTGATTCTCCAGGAGGGAGCCAATTCCACGCTGCGGTGCAATTTTTCT,DSVNN,GACTCTGTGAACAAT,LQWFHQNPWGQLINLFY,TTGCAGTGGTTTCATCAAAACCCTTGGGGACAGCTCATCAACCTGTTTTAC,IPSGT,ATTCCCTCAGGGACA,KQNGRLSATTVATERYSLLYISSSQTTDSGVYF,AAACAGAATGGAAGATTAAGCGCCACGACTGTCGCTACGGAACGCTACAGCTTATTGTACATTTCCTCTTCCCAGACCACAGACTCAGGCGTTTATTTC,CAVEELYDYKLSF,TGTGCTGTGGAGGAGCTATACGACTACAAGCTCAGCTTT,GAGTTVTVRA,GGAGCCGGAACCACAGTAACTGTAAGAGCAA,16830,4,133,464,331,470,6,521,193,271,271,286,286,337,337,352,352,451,451,490,490,521
clonotype36,clonotype36_consensus1,682,TRB,TRBV5-6,,TRBJ2-7,TRBC2,true,true,DAGVTQSPTHLIKTRGQQVTLRCSPK,GACGCTGGAGTCACCCAAAGTCCCACACACCTGATCAAAACGAGAGGACAGCAAGTGACTCTGAGATGCTCTCCTAAG,SGHDT,TCTGGGCATGACACT,VSWYQQALGQGPQFIFQ,GTGTCCTGGTACCAACAGGCCCTGGGTCAGGGGCCCCAGTTTATCTTTCAG,YYEEEE,TATTATGAGGAGGAAGAG,RQRGNFPDRFSGHQFPNYSSELNVNALLLGDSALYL,AGACAGAGAGGCAACTTCCCTGATCGATTCTCAGGTCACCAGTTCCCTAACTATAGCTCTGAGCTGAATGTGAACGCCTTGTTGCTGGGGGACTCGGCCCTCTATCTC,CASSLGEVRRGNYEQYF,TGTGCCAGCAGCTTGGGAGAGGTGAGGAGAGGGAACTACGAGCAGTACTTC,GPGTRLTVT,GGGCCGGGCACCAGGCTCACGGTCACAG,51442,12,224,567,343,583,0,630,281,359,359,374,374,425,425,443,443,551,551,602,602,630
clonotype36,clonotype36_consensus2,593,TRA,TRAV8-3,,TRAJ8,,true,true,AQSVTQPDIHITVSEGASLELRCNYS,GCCCAGTCAGTGACCCAGCCTGACATCCACATCACTGTCTCTGAAGGAGCCTCACTGGAGTTGAGATGTAACTATTCC,YGATPY,TATGGGGCAACACCTTAT,LFWYVQSPGQGLQLLLK,CTCTTCTGGTATGTCCAGTCCCCCGGCCAAGGCCTCCAGCTGCTCCTGAAG,YFSGDTLV,TACTTTTCAGGAGACACTCTGGTT,QGIKGFEAEFKRSQSSFNLRKPSVHWSDAAEYF,CAAGGCATTAAAGGCTTTGAGGCTGAATTTAAGAGGAGTCAATCTTCCTTCAACCTGAGGAAACCCTCTGTGCATTGGAGTGATGCTGCTGAGTACTTC,CAVGTSGFQKLVF,TGTGCTGTGGGTACCTCAGGCTTTCAGAAACTTGTATTT,GTGTRLLVSP,GGAACTGGCACCCGACTTCTGGTCAGTCCAA,3152,1,178,519,341,515,0,575,235,313,313,331,331,382,382,406,406,505,505,544,544,575
clonotype37,clonotype37_consensus1,501,TRB,TRBV27,,TRBJ2-1,TRBC2,true,true,EAQVTQNPRYLITVTGKKLTVTCSQN,GAAGCCCAAGTGACCCAGAACCCAAGATACCTCATCACAGTGACTGGAAAGAAGTTAACAGTGACTTGTTCTCAGAAT,MNHEY,ATGAACCATGAGTAT,MSWYRQDPGLGLRQIYY,ATGTCCTGGTATCGACAAGACCCAGGGCTGGGCTTAAGGCAGATCTACTAT,SMNVEV,TCAATGAATGTTGAGGTG,TDKGDVPEGYKVSRKEKRNFPLILESPSPNQTSLYF,ACTGATAAGGGAGATGTTCCTGAAGGGTACAAAGTCTCTCGAAAAGAGAAGAGGAATTTCCCCCTGATCCTGGAGTCGCCCAGCCCCAACCAGACCTCTCTGTACTTC,CASSSRTGLFSYNEQFF,TGTGCCAGCAGTTCCCGGACAGGGTTGTTCTCCTACAATGAGCAGTTCTTC,GPGTRLTVL,GGGCCAGGGACACGGCTCACCGTGCTAG,30547,15,43,387,344,399,0,449,100,178,178,193,193,244,244,262,262,370,370,421,421,449
clonotype37,clonotype37_consensus2,565,TRA,TRAV29/DV5,,TRAJ21,TRAC,true,true,DQQVKQNSPSLSVQEGRISILNCDYT,GACCAGCAAGTTAAGCAAAATTCACCATCCCTGAGCGTCCAGGAAGGAAGAATTTCTATTCTGAACTGTGACTATACT,NSMFDY,AACAGCATGTTTGATTAT,FLWYKKYPAEGPTFLIS,TTCCTATGGTACAAAAAATACCCTGCTGAAGGTCCTACATTCCTGATATCT,ISSIKDK,ATAAGTTCCATTAAGGATAAA,NEDGRFTVFLNKSAKHLSLHIVPSQPGDSAVYF,AATGAAGATGGAAGATTCACTGTCTTCTTAAACAAAAGTGCCAAGCACCTCTCTCTGCACATTGTGCCCTCCCAGCCTGGAGACTCTGCAGTGTACTTC,CAASADFNKFYF,TGTGCAGCAAGCGCGGACTTCAACAAATTTTACTTT,GSGTKLNVKP,GGATCTGGGACCAAACTCAATGTAAAACCAA,2136,56,111,469,358,468,0,523,189,267,267,285,285,336,336,357,357,456,456,492,492,523
clonotype38,clonotype38_consensus1,546,TRB,TRBV7-8,TRBD2,TRBJ2-5,TRBC2,true,true,GAGVSQSPRYKVAKRGQDVALRCDPI,GGTGCTGGAGTCTCCCAGTCCCCTAGGTACAAAGTCGCAAAGAGAGGACAGGATGTAGCTCTCAGGTGTGATCCAATT,SGHVS,TCGGGTCATGTATCC,LFWYQQALGQGPEFLTY,CTTTTTTGGTACCAACAGGCCCTGGGGCAGGGGCCAGAGTTTCTGACTTAT,FQNEAQ,TTCCAGAATGAAGCTCAA,LDKSGLPSDRFFAERPEGSVSTLKIQRTQQEDSAVYL,CTAGACAAATCGGGGCTGCCCAGTGATCGCTTCTTTGCAGAAAGGCCTGAGGGATCCGTCTCCACTCTGAAGATCCAGCGCACACAGCAGGAGGACTCCGCCGTGTATCTC,CASSFPTSGRAKETQYF,TGTGCCAGCAGCTTCCCGACTAGCGGGAGGGCCAAGGAGACCCAGTACTTC,GPGTRLLVL,GGGCCAGGCACGCGGCTCCTGGTGCTCG,18177,2,85,432,347,446,0,494,142,220,220,235,235,286,286,304,304,415,415,466,466,494
clonotype39,clonotype39_consensus1,508,TRB,TRBV3-1,,TRBJ2-1,TRBC2,true,true,DTAVSQTPKYLVTQMGNDKSIKCEQN,GACACAGCTGTTTCCCAGACTCCAAAATACCTGGTCACACAGATGGGAAACGACAAGTCCATTAAATGTGAACAAAAT,LGHDT,CTGGGCCATGATACT,MYWYKQDSKKFLKIMFS,ATGTATTGGTATAAACAGGACTCTAAGAAATTTCTGAAGATAATGTTTAGC,YNNKEL,TACAATAATAAGGAGCTC,IINETVPNRFSPKSPDKAHLNLHINSLELGDSAVYF,ATTATAAATGAAACAGTTCCAAATCGCTTCTCACCTAAATCTCCAGACAAAGCTCACTTAAATCTTCACATCAATTCCCTGGAGCTTGGTGACTCTGCTGTGTATTTC,CASSQDLGSGLPYNEQFF,TGTGCCAGCAGCCAAGATCTGGGTAGCGGGTTACCTTACAATGAGCAGTTCTTC,GPGTRLTVL,GGGCCAGGGACACGGCTCACCGTGCTAG,61555,27,47,391,344,406,0,456,104,182,182,197,197,248,248,266,266,374,374,428,428,456
clonotype39,clonotype39_consensus2,505,TRA,TRAV1-2,,TRAJ33,TRAC,true,true,GQNIDQPTEMTATEGAIVQINCTYQ,GGACAAAACATTGACCAGCCCACTGAGATGACAGCTACGGAAGGTGCCATTGTCCAGATCAACTGCACGTACCAG,TSGFNG,ACATCTGGGTTCAACGGG,LFWYQQHAGEAPTFLSY,CTGTTCTGGTACCAGCAACATGCTGGCGAAGCACCCACATTTCTGTCTTAC,NVLDGL,AATGTTCTGGATGGTTTG,EEKGRFSSFLSRSKGYSYLLLKELQMKDSASYL,GAGGAGAAAGGTCGTTTTTCTTCATTCCTTAGTCGGTCTAAAGGGTACAGTTACCTCCTTTTGAAGGAGCTCCAGATGAAAGACTCTGCCTCTTACCTC,CAVSDSNYQLIW,TGTGCTGTGAGTGATAGCAACTATCAGTTAATCTGG,GAGTKLIIKP,GGCGCTGGGACCAAGCTAATTATAAAGCCAG,14332,12,84,402,318,406,0,463,135,210,210,228,228,279,279,297,297,396,396,432,432,463
