barcode,is_cell,contig_id,high_confidence,length,chain,v_gene,d_gene,j_gene,c_gene,full_length,productive,fwr1,fwr1_nt,cdr1,cdr1_nt,fwr2,fwr2_nt,cdr2,cdr2_nt,fwr3,fwr3_nt,cdr3,cdr3_nt,fwr4,fwr4_nt,reads,umis,raw_clonotype_id,raw_consensus_id,exact_subclonotype_id
AACCATGTCAACACCA-1,true,AACCATGTCAACACCA-1_contig_1,true,508,TRB,TRBV3-1,,TRBJ2-1,TRBC2,true,true,DTAVSQTPKYLVTQMGNDKSIKCEQN,GACACAGCTGTTTCCCAGACTCCAAAATACCTGGTCACACAGATGGGAAACGACAAGTCCATTAAATGTGAACAAAAT,LGHDT,CTGGGCCATGATACT,MYWYKQDSKKFLKIMFS,ATGTATTGGTATAAACAGGACTCTAAGAAATTTCTGAAGATAATGTTTAGC,YNNKEL,TACAATAATAAGGAGCTC,IINETVPNRFSPKSPDKAHLNLHINSLELGDSAVYF,ATTATAAATGAAACAGTTCCAAATCGCTTCTCACCTAAATCTCCAGACAAAGCTCACTTAAATCTTCACATCAATTCCCTGGAGCTTGGTGACTCTGCTGTGTATTTC,CASSQDLGSGLPYNEQFF,TGTGCCAGCAGCCAAGATCTGGGTAGCGGGTTACCTTACAATGAGCAGTTCTTC,GPGTRLTVL,GGGCCAGGGACACGGCTCACCGTGCTAG,61555,27,clonotype39,clonotype39_consensus_1,1
AACCATGTCAACACCA-1,true,AACCATGTCAACACCA-1_contig_2,true,505,TRA,TRAV1-2,,TRAJ33,TRAC,true,true,GQNIDQPTEMTATEGAIVQINCTYQ,GGACAAAACATTGACCAGCCCACTGAGATGACAGCTACGGAAGGTGCCATTGTCCAGATCAACTGCACGTACCAG,TSGFNG,ACATCTGGGTTCAACGGG,LFWYQQHAGEAPTFLSY,CTGTTCTGGTACCAGCAACATGCTGGCGAAGCACCCACATTTCTGTCTTAC,NVLDGL,AATGTTCTGGATGGTTTG,EEKGRFSSFLSRSKGYSYLLLKELQMKDSASYL,GAGGAGAAAGGTCGTTTTTCTTCATTCCTTAGTCGGTCTAAAGGGTACAGTTACCTCCTTTTGAAGGAGCTCCAGATGAAAGACTCTGCCTCTTACCTC,CAVSDSNYQLIW,TGTGCTGTGAGTGATAGCAACTATCAGTTAATCTGG,GAGTKLIIKP,GGCGCTGGGACCAAGCTAATTATAAAGCCAG,14332,12,clonotype39,clonotype39_consensus_2,1
AAGCCGCAGCTAAACA-1,true,AAGCCGCAGCTAAACA-1_contig_1,true,571,TRA,TRAV19,,TRAJ57,TRAC,true,true,AQKVTQAQTEISVVEKEDVTLDCVYE,GCTCAGAAGGTAACTCAAGCGCAGACTGAAATTTCTGTGGTGGAGAAGGAGGATGTGACCTTGGACTGTGTGTATGAA,TRDTTYY,ACCCGTGATACTACTTATTAC,LFWYKQPPSGELVFLIR,TTATTCTGGTACAAGCAACCACCAAGTGGAGAATTGGTTTTCCTTATTCGT,RNSFDEQN,CGGAACTCTTTTGATGAGCAAAAT,EISGRYSWNFQKSTSSFNFTITASQVVDSAVYF,GAAATAAGTGGTCGGTATTCTTGGAACTTCCAGAAATCCACCAGTTCCTTCAACTTCACCATCACAGCCTCACAAGTCGTGGACTCAGCAGTATACTTC,CALSGLTQGGSEKLVF,TGTGCTCTGAGTGGCCTTACTCAGGGCGGATCTGAAAAGCTGGTCTTT,GKGMKLTVNP,GGAAAGGGAATGAAACTGACAGTAAACCCAT,12247,8,clonotype25,clonotype25_consensus_2,1
AAGCCGCAGCTAAACA-1,true,AAGCCGCAGCTAAACA-1_contig_2,true,660,TRB,TRBV19,,TRBJ1-1,TRBC1,true,true,DGGITQSPKYLFRKEGQNVTLSCEQN,GATGGTGGAATCACTCAGTCCCCAAAGTACCTGTTCAGAAAGGAAGGACAGAATGTGACCCTGAGTTGTGAACAGAAT,LNHDA,TTGAACCACGATGCC,MYWYRQDPGQGLRLIYY,ATGTACTGGTACCGACAGGACCCAGGGCAAGGGCTGAGATTGATCTACTAC,SQIVND,TCACAGATAGTAAATGAC,FQKGDIAEGYSVSREKKESFPLTVTSAQKNPTAFYL,TTTCAGAAAGGAGATATAGCTGAAGGGTACAGCGTCTCTCGGGAGAAGAAGGAATCCTTTCCTCTCACTGTGACATCGGCCCAAAAGAACCCGACAGCTTTCTATCTC,CASSIGTALNTEAFF,TGTGCCAGTAGTATCGGGACAGCTTTGAACACTGAAGCTTTCTTT,GQGTRLTVV,GGACAAGGCACCAGACTCACAGTTGTAG,20598,17,clonotype25,clonotype25_consensus_1,1
ACATGGTGTCTCTCTG-1,true,ACATGGTGTCTCTCTG-1_contig_1,true,475,TRB,TRBV2,,TRBJ2-7,TRBC2,true,true,EPEVTQTPSHQVTQMGQEVILRCVPI,GAACCTGAAGTCACCCAGACTCCCAGCCATCAGGTCACACAGATGGGACAGGAAGTGATCTTGCGCTGTGTCCCCATC,SNHLY,TCTAATCACTTATAC,FYWYRQILGQKVEFLVS,TTCTATTGGTACAGACAAATCTTGGGGCAGAAAGTCGAGTTTCTGGTTTCC,FYNNEI,TTTTATAATAATGAAATC,SEKSEIFDDQFSVERPDGSNFTLKIRSTKLEDSAMYF,TCAGAGAAGTCTGAAATATTCGATGATCAATTCTCAGTTGAAAGGCCTGATGGATCAAATTTCACTCTGAAGATCCGGTCCACAAAGCTGGAGGACTCAGCCATGTACTTC,CASSETSVSSEQYF,TGTGCCAGCAGTGAAACATCAGTCTCCTCGGAGCAGTACTTC,GPGTRLTVT,GGGCCGGGCACCAGGCTCACGGTCACAG,38683,19,clonotype22,clonotype22_consensus_1,1
ACATGGTGTCTCTCTG-1,true,ACATGGTGTCTCTCTG-1_contig_2,true,600,TRA,TRAV36/DV7,,TRAJ24,TRAC,true,true,EDKVVQSPLSLVVHEGDTVTLNCSYE,GAAGACAAGGTGGTACAAAGCCCTCTATCTCTGGTTGTCCACGAGGGAGACACTGTAACTCTCAATTGCAGTTATGAA,VTNFRS,GTGACTAACTTTCGAAGC,LLWYKQEKKAPTFLFM,CTACTATGGTACAAGCAGGAAAAGAAAGCTCCCACATTTCTATTTATG,LTSSGIE,CTAACTTCAAGTGGAATTGAA,KKSGRLSSILDKKELFSILNITATQTGDSAVYL,AAGAAGTCAGGAAGACTAAGTAGCATATTAGATAAGAAAGAACTTTTCAGCATCCTGAACATCACAGCCACCCAGACCGGAGACTCGGCCGTCTACCTC,CAVDPTDSWGKLQF,TGTGCTGTGGACCCCACTGACAGCTGGGGGAAATTGCAGTTT,GAGTQVVVTP,GGAGCAGGGACCCAGGTTGTGGTCACCCCAG,17494,10,clonotype22,clonotype22_consensus_2,1
ACGTCAACATTGTGCA-1,true,ACGTCAACATTGTGCA-1_contig_1,true,544,TRA,TRAV12-2,,TRAJ43,TRAC,true,true,QKEVEQNSGPLSVPEGAIASLNCTYS,CAGAAGGAGGTGGAGCAGAATTCTGGACCCCTCAGTGTTCCAGAGGGAGCCATTGCCTCTCTCAACTGCACTTACAGT,DRGSQS,GACCGAGGTTCCCAGTCC,FFWYRQYSGKSPELIMS,TTCTTCTGGTACAGACAATATTCTGGGAAAAGCCCTGAGTTGATAATGTCC,IYSNGD,ATATACTCCAATGGTGAC,KEDGRFTAQLNKASQYVSLLIRDSQPSDSATYL,AAAGAAGATGGAAGGTTTACAGCACAGCTCAATAAAGCCAGCCAGTATGTTTCTCTGCTCATCAGAGACTCCCAGCCCAGTGATTCAGCCACCTACCTC,CAVISPYNNDMRF,TGTGCCGTGATCTCGCCCTATAACAATGACATGCGCTTT,GAGTRLTVKP,GGAGCAGGGACCAGACTGACAGTAAAACCAA,21482,6,clonotype31,clonotype31_consensus_2,1
ACGTCAACATTGTGCA-1,true,ACGTCAACATTGTGCA-1_contig_2,true,490,TRB,TRBV5-1,,TRBJ1-2,TRBC1,true,true,KAGVTQTPRYLIKTRGQQVTLSCSPI,AAGGCTGGAGTCACTCAAACTCCAAGATATCTGATCAAAACGAGAGGACAGCAAGTGACACTGAGCTGCTCCCCTATC,SGHRS,TCTGGGCATAGGAGT,VSWYQQTPGQGLQFLFE,GTATCCTGGTACCAACAGACCCCAGGACAGGGCCTTCAGTTCCTCTTTGAA,YFSETQ,TACTTCAGTGAGACACAG,RNKGNFPGRFSGRQFSNSRSEMNVSTLELGDSALYL,AGAAACAAAGGAAACTTCCCTGGTCGATTCTCAGGGCGCCAGTTCTCTAACTCTCGCTCTGAGATGAATGTGAGCACCTTGGAGCTGGGGGACTCGGCCCTTTATCTT,CASSFPPGGPNYGYTF,TGCGCCAGCAGCTTCCCTCCAGGGGGGCCGAACTATGGCTACACCTTC,GSGTRLTVV,GGTTCGGGGACCAGGTTAACCGTTGTAG,16517,6,clonotype31,clonotype31_consensus_1,1
ACTTACTCACTGAAGG-1,true,ACTTACTCACTGAAGG-1_contig_1,true,510,TRB,TRBV5-1,,TRBJ1-5,TRBC1,true,true,KAGVTQTPRYLIKTRGQQVTLSCSPI,AAGGCTGGAGTCACTCAAACTCCAAGATATCTGATCAAAACGAGAGGACAGCAAGTGACACTGAGCTGCTCCCCTATC,SGHRS,TCTGGGCATAGGAGT,VSWYQQTPGQGLQFLFE,GTATCCTGGTACCAACAGACCCCAGGACAGGGCCTTCAGTTCCTCTTTGAA,YFSETQ,TACTTCAGTGAGACACAG,RNKGNFPGRFSGRQFSNSRSEMNVSTLELGDSALYL,AGAAACAAAGGAAACTTCCCTGGTCGATTCTCAGGGCGCCAGTTCTCTAACTCTCGCTCTGAGATGAATGTGAGCACCTTGGAGCTGGGGGACTCGGCCCTTTATCTT,CASSLVGGNQPQHF,TGCGCCAGCAGCTTGGTCGGGGGCAATCAGCCCCAGCATTTT,GDGTRLSIL,GGTGATGGGACTCGACTCTCCATCCTAG,61551,28,clonotype15,clonotype15_consensus_1,1
ACTTACTCACTGAAGG-1,true,ACTTACTCACTGAAGG-1_contig_2,true,568,TRA,TRAV29/DV5,,TRAJ22,TRAC,true,true,DQQVKQNSPSLSVQEGRISILNCDYT,GACCAGCAAGTTAAGCAAAATTCACCATCCCTGAGCGTCCAGGAAGGAAGAATTTCTATTCTGAACTGTGACTATACT,NSMFDY,AACAGCATGTTTGATTAT,FLWYKKYPAEGPTFLIS,TTCCTATGGTACAAAAAATACCCTGCTGAAGGTCCTACATTCCTGATATCT,ISSIKDK,ATAAGTTCCATTAAGGATAAA,NEDGRFTVFLNKSAKHLSLHIVPSQPGDSAVYF,AATGAAGATGGAAGATTCACTGTCTTCTTAAACAAAAGTGCCAAGCACCTCTCTCTGCACATTGTGCCCTCCCAGCCTGGAGACTCTGCAGTGTACTTC,CAARPSSARQLTF,TGTGCAGCAAGGCCGTCGTCTGCAAGGCAACTGACCTTT,GSGTQLTVLP,GGATCTGGGACACAATTGACTGTTTTACCTG,15588,10,clonotype15,clonotype15_consensus_2,1
AGCCTAACAAGTCTAC-1,true,AGCCTAACAAGTCTAC-1_contig_1,true,537,TRB,TRBV5-1,,TRBJ2-7,TRBC2,true,true,KAGVTQTPRYLIKTRGQQVTLSCSPI,AAGGCTGGAGTCACTCAAACTCCAAGATATCTGATCAAAACGAGAGGACAGCAAGTGACACTGAGCTGCTCCCCTATC,SGHRS,TCTGGGCATAGGAGT,VSWYQQTPGQGLQFLFE,GTATCCTGGTACCAACAGACCCCAGGACAGGGCCTTCAGTTCCTCTTTGAA,YFSETQ,TACTTCAGTGAGACACAG,RNKGNFPGRFSGRQFSNSRSEMNVSTLELGDSALYL,AGAAACAAAGGAAACTTCCCTGGTCGATTCTCAGGGCGCCAGTTCTCTAACTCTCGCTCTGAGATGAATGTGAGCACCTTGGAGCTGGGGGACTCGGCCCTTTATCTT,CASTTRGGFYEQYF,TGCGCCAGCACTACCCGGGGGGGGTTCTACGAGCAGTACTTC,GPGTRLTVT,GGGCCGGGCACCAGGCTCACGGTCACAG,37417,16,clonotype12,clonotype12_consensus_1,1
AGCCTAACAAGTCTAC-1,true,AGCCTAACAAGTCTAC-1_contig_2,true,515,TRA,TRAV13-2,,TRAJ6,TRAC,true,true,GESVGLHLPTLSVQEGDNSIINCAYS,GGAGAGAGTGTGGGGCTGCATCTTCCTACCCTGAGTGTCCAGGAGGGTGACAACTCTATTATCAACTGTGCTTATTCA,NSASDY,AACAGCGCCTCAGACTAC,FIWYKQESGKGPQFIID,TTCATTTGGTACAAGCAAGAATCTGGAAAAGGTCCTCAATTCATTATAGAC,IRSNMDK,ATTCGTTCAAATATGGACAAA,RQGQRVTVLLNKTVKHLSLQIAATQPGDSAVYF,AGGCAAGGCCAAAGAGTCACCGTTTTATTGAATAAGACAGTGAAACATCTCTCTCTGCAAATTGCAGCTACTCAACCTGGAGACTCAGCTGTCTACTTT,CAENIGTGGSYIPTF,TGTGCAGAGAATATCGGGACAGGAGGAAGCTACATACCTACATTT,GRGTSLIVHP,GGAAGAGGAACCAGCCTTATTGTTCATCCGT,32014,18,clonotype12,clonotype12_consensus_2,1
ATAGACCCAGTCAGCC-1,true,ATAGACCCAGTCAGCC-1_contig_1,true,663,TRA,TRAV24,,TRAJ44,TRAC,true,true,ILNVEQSPQSLHVQEGDSTNFTCSFP,ATACTGAACGTGGAACAAAGTCCTCAGTCACTGCATGTTCAGGAGGGAGACAGCACCAATTTCACCTGCAGCTTCCCT,SSNFYA,TCCAGCAATTTTTATGCC,LHWYRWETAKSPEALFV,TTACACTGGTACAGATGGGAAACTGCAAAAAGCCCCGAGGCCTTGTTTGTA,MTLNGDE,ATGACTTTAAATGGGGATGAA,KKKGRISATLNTKEGYSYLYIKGSQPEDSATYL,AAGAAGAAAGGACGAATAAGTGCCACTCTTAATACCAAGGAGGGTTACAGCTATTTGTACATCAAAGGATCCCAGCCTGAAGACTCAGCCACATACCTC,CAFNTGTASKLTF,TGTGCCTTTAATACCGGCACTGCCAGTAAACTCACCTTT,GTGTRLQVTL,GGGACTGGAACAAGACTTCAGGTCACGCTCG,17240,6,clonotype13,clonotype13_consensus_2,1
ATAGACCCAGTCAGCC-1,true,ATAGACCCAGTCAGCC-1_contig_2,true,478,TRB,TRBV5-1,,TRBJ2-1,TRBC2,true,true,KAGVTQTPRYLIKTRGQQVTLSCSPI,AAGGCTGGAGTCACTCAAACTCCAAGATATCTGATCAAAACGAGAGGACAGCAAGTGACACTGAGCTGCTCCCCTATC,SGHRS,TCTGGGCATAGGAGT,VSWYQQTPGQGLQFLFE,GTATCCTGGTACCAACAGACCCCAGGACAGGGCCTTCAGTTCCTCTTTGAA,YFSETQ,TACTTCAGTGAGACACAG,RNKGNFPGRFSGRQFSNSRSEMNVSTLELGDSALYL,AGAAACAAAGGAAACTTCCCTGGTCGATTCTCAGGGCGCCAGTTCTCTAACTCTCGCTCTGAGATGAATGTGAGCACCTTGGAGCTGGGGGACTCGGCCCTTTATCTT,CASSLLAGFNEQFF,TGCGCCAGCAGCTTGCTAGCGGGCTTTAATGAGCAGTTCTTC,GPGTRLTVL,GGGCCAGGGACACGGCTCACCGTGCTAG,55909,16,clonotype13,clonotype13_consensus_1,1
ATCATCTTCGCCAAAT-1,true,ATCATCTTCGCCAAAT-1_contig_1,true,471,TRA,TRAV13-1,,TRAJ42,TRAC,true,true,GENVEQHPSTLSVQEGDSAVIKCTYS,GGAGAGAATGTGGAGCAGCATCCTTCAACCCTGAGTGTCCAGGAGGGAGACAGCGCTGTTATCAAGTGTACTTATTCA,DSASNY,GACAGTGCCTCAAACTAC,FPWYKQELGKGPQLIID,TTCCCTTGGTATAAGCAAGAACTTGGAAAAGGACCTCAGCTTATTATAGAC,IRSNVGE,ATTCGTTCAAATGTGGGCGAA,KKDQRIAVTLNKTAKHFSLHITETQPEDSAVYF,AAGAAAGACCAACGAATTGCTGTTACATTGAACAAGACAGCCAAACATTTCTCCCTGCACATCACAGAGACCCAACCTGAAGACTCGGCTGTCTACTTC,CAASKGAGGGSQGNLIF,TGTGCAGCAAGTAAAGGGGCGGGAGGAGGAAGCCAAGGAAATCTCATCTTT,GKGTKLSVKP,GGAAAAGGCACTAAACTCTCTGTTAAACCAA,38419,28,clonotype3,clonotype3_consensus_2,1
ATCATCTTCGCCAAAT-1,true,ATCATCTTCGCCAAAT-1_contig_2,true,506,TRB,TRBV6-1,,TRBJ2-5,TRBC2,true,true,NAGVTQTPKFQVLKTGQSMTLQCAQD,AATGCTGGTGTCACTCAGACCCCAAAATTCCAGGTCCTGAAGACAGGACAGAGCATGACACTGCAGTGTGCCCAGGAT,MNHNS,ATGAACCATAACTCC,MYWYRQDPGMGLRLIYY,ATGTACTGGTATCGACAAGACCCAGGCATGGGACTGAGGCTGATTTATTAC,SASEGT,TCAGCTTCTGAGGGTACC,TDKGEVPNGYNVSRLNKREFSLRLESAAPSQTSVYF,ACTGACAAAGGAGAAGTCCCCAATGGCTACAATGTCTCCAGATTAAACAAACGGGAGTTCTCGCTCAGGCTGGAGTCGGCTGCTCCCTCCCAGACATCTGTGTACTTC,CASTLLALKETQYF,TGTGCCAGCACTTTACTAGCGTTAAAAGAGACCCAGTACTTC,GPGTRLLVL,GGGCCAGGCACGCGGCTCCTGGTGCTCG,31526,20,clonotype3,clonotype3_consensus_1,1
ATGGGAGCAAGGTGTG-1,true,ATGGGAGCAAGGTGTG-1_contig_1,true,496,TRB,TRBV9,,TRBJ1-4,TRBC1,true,true,DSGVTQTPKHLITATGQRVTLRCSPR,GATTCTGGAGTCACACAAACCCCAAAGCACCTGATCACAGCAACTGGACAGCGAGTGACGCTGAGATGCTCCCCTAGG,SGDLS,TCTGGAGACCTCTCT,VYWYQQSLDQGLQFLIQ,GTGTACTGGTACCAACAGAGCCTGGACCAGGGCCTCCAGTTCCTCATTCAG,YYNGEE,TATTATAATGGAGAAGAG,RAKGNILERFSAQQFPDLHSELNLSSLELGDSALYF,AGAGCAAAAGGAAACATTCTTGAACGATTCTCCGCACAACAGTTCCCTGACTTGCACTCTGAACTAAACCTGAGCTCTCTGGAGCTGGGGGACTCAGCTTTGTATTTC,CASSVMDSGEKLFF,TGTGCCAGCAGCGTAATGGACTCGGGTGAAAAACTGTTTTTT,GSGTQLSVL,GGCAGTGGAACCCAGCTCTCTGTCTTGG,49971,29,clonotype11,clonotype11_consensus_1,1
ATGGGAGCAAGGTGTG-1,true,ATGGGAGCAAGGTGTG-1_contig_2,true,552,TRA,TRAV12-1,,TRAJ30,TRAC,true,true,RKEVEQDPGPFNVPEGATVAFNCTYS,CGGAAGGAGGTGGAGCAGGATCCTGGACCCTTCAATGTTCCAGAGGGAGCCACTGTCGCTTTCAACTGTACTTACAGC,NSASQS,AACAGTGCTTCTCAGTCT,FFWYRQDCRKEPKLLMS,TTCTTCTGGTACAGACAGGATTGCAGGAAAGAACCTAAGTTGCTGATGTCC,VYSSG,GTATACTCCAGTGGT,NEDGRFTAQLNRASQYISLLIRDSKLSDSATYL,AATGAAGATGGAAGGTTTACAGCACAGCTCAATAGAGCCAGCCAGTATATTTCCCTGCTCATCAGAGACTCCAAGCTCAGTGATTCAGCCACCTACCTC,CVLRGGDDKIIF,TGTGTACTCCGGGGGGGAGATGACAAGATCATCTTT,GKGTRLHILP,GGAAAAGGGACACGACTTCATATTCTCCCCA,18130,13,clonotype11,clonotype11_consensus_2,1
ATTTCTGTCGTCACGG-1,true,ATTTCTGTCGTCACGG-1_contig_1,true,565,TRA,TRAV19,,TRAJ20,TRAC,true,true,AQKVTQAQTEISVVEKEDVTLDCVYE,GCTCAGAAGGTAACTCAAGCGCAGACTGAAATTTCTGTGGTGGAGAAGGAGGATGTGACCTTGGACTGTGTGTATGAA,TRDTTYY,ACCCGTGATACTACTTATTAC,LFWYKQPPSGELVFLIR,TTATTCTGGTACAAGCAACCACCAAGTGGAGAATTGGTTTTCCTTATTCGT,RNSFDEQN,CGGAACTCTTTTGATGAGCAAAAT,EISGRYSWNFQKSTSSFNFTITASQVVDSAVYF,GAAATAAGTGGTCGGTATTCTTGGAACTTCCAGAAATCCACCAGTTCCTTCAACTTCACCATCACAGCCTCACAAGTCGTGGACTCAGCAGTATACTTC,CALSEPLGDYKLSF,TGTGCTCTGAGTGAGCCGTTAGGCGACTACAAGCTCAGCTTT,GAGTTVTVRA,GGAGCCGGAACCACAGTAACTGTAAGAGCAA,10591,12,clonotype2,clonotype2_consensus_2,1
ATTTCTGTCGTCACGG-1,true,ATTTCTGTCGTCACGG-1_contig_2,true,518,TRB,TRBV20-1,,TRBJ2-4,TRBC2,true,true,GAVVSQHPSRVICKSGTSVKIECRSL,GGTGCTGTCGTCTCTCAACATCCGAGCAGGGTTATCTGTAAGAGTGGAACCTCTGTGAAGATCGAGTGCCGTTCCCTG,DFQATT,GACTTTCAGGCCACAACT,MFWYRQFPKQSLMLMAT,ATGTTTTGGTATCGTCAGTTCCCGAAACAGAGTCTCATGCTGATGGCAACT,SNEGSKA,TCCAATGAGGGCTCCAAGGCC,TYEQGVEKDKFLINHASLTLSTLTVTSAHPEDSSFYI,ACATACGAGCAAGGCGTCGAGAAGGACAAGTTTCTCATCAACCATGCAAGCCTGACCTTGTCCACTCTGACAGTGACCAGTGCCCATCCTGAAGACAGCAGCTTCTACATC,CSAIVGAKNIQYF,TGCAGTGCTATTGTTGGAGCCAAAAACATTCAGTACTTC,GAGTRLSVL,GGCGCCGGGACCCGGCTCTCAGTGCTGG,51598,36,clonotype2,clonotype2_consensus_1,1
ATTTCTGTCGTCACGG-1,true,ATTTCTGTCGTCACGG-1_contig_3,true,589,TRA,TRAV17,,TRAJ9,TRAC,true,true,SQQGEEDPQALSIQEGENATMNCSYK,AGTCAACAGGGAGAAGAGGATCCTCAGGCCTTGAGCATCCAGGAGGGTGAAAATGCCACCATGAACTGCAGTTACAAA,TSINN,ACTAGTATAAACAAT,LQWYRQNSGRGLVHLIL,TTACAGTGGTATAGACAAAATTCAGGTAGAGGCCTTGTCCACCTAATTTTA,IRSNERE,ATACGTTCAAATGAAAGAGAG,KHSGRLRVTLDTSKKSSSLLITASRAADTASYF,AAACACAGTGGAAGATTAAGAGTCACGCTTGACACTTCCAAGAAAAGCAGTTCCTTGTTGATCACGGCTTCCCGGGCAGCAGACACTGCTTCTTACTTC,CATDRWSTGGFKTIF,TGTGCTACGGACAGGTGGAGTACTGGAGGCTTCAAAACTATCTTT,GAGTRPFVKA,GGAGCAGGAACAAGACCATTTGTTAAAGCAA,14485,13,clonotype2,clonotype2_consensus_3,1
CACAGGCGTATGCTTG-1,true,CACAGGCGTATGCTTG-1_contig_1,true,500,TRB,TRBV7-6,,TRBJ2-1,TRBC2,true,true,GAGVSQSPRYKVTKRGQDVALRCDPI,GGTGCTGGAGTCTCCCAGTCTCCCAGGTACAAAGTCACAAAGAGGGGACAGGATGTAGCTCTCAGGTGTGATCCAATT,SGHVS,TCGGGTCATGTATCC,LYWYRQALGQGPEFLTY,CTTTATTGGTACCGACAGGCCCTGGGGCAGGGCCCAGAGTTTCTGACTTAC,FNYEAQ,TTCAATTATGAAGCCCAA,QDKSGLPNDRFSAERPEGSISTLTIQRTEQRDSAMYR,CAAGACAAATCAGGGCTGCCCAATGATCGGTTCTCTGCAGAGAGGCCTGAGGGATCCATCTCCACTCTGACGATCCAGCGCACAGAGCAGCGGGACTCGGCCATGTATCGC,CASSSSGTDPSEQFF,TGTGCCAGCAGCTCTTCCGGGACCGACCCCAGTGAGCAGTTCTTC,GPGTRLTVL,GGGCCAGGGACACGGCTCACCGTGCTAG,62379,29,clonotype32,clonotype32_consensus_1,1
CACAGGCGTATGCTTG-1,true,CACAGGCGTATGCTTG-1_contig_2,true,506,TRA,TRAV17,,TRAJ13,TRAC,true,true,SQQGEEDPQALSIQEGENATMNCSYK,AGTCAACAGGGAGAAGAGGATCCTCAGGCCTTGAGCATCCAGGAGGGTGAAAATGCCACCATGAACTGCAGTTACAAA,TSINN,ACTAGTATAAACAAT,LQWYRQNSGRGLVHLIL,TTACAGTGGTATAGACAAAATTCAGGTAGAGGCCTTGTCCACCTAATTTTA,IRSNERE,ATACGTTCAAATGAAAGAGAG,KHSGRLRVTLDTSKKSSSLLITASRAADTASYF,AAACACAGTGGAAGATTAAGAGTCACGCTTGACACTTCCAAGAAAAGCAGTTCCTTGTTGATCACGGCTTCCCGGGCAGCAGACACTGCTTCTTACTTC,CATDEGWSGGYQKVTF,TGTGCTACGGACGAAGGTTGGTCTGGGGGTTACCAGAAAGTTACCTTT,GTGTKLQVIP,GGAACTGGAACAAAGCTCCAAGTCATCCCAA,12109,7,clonotype32,clonotype32_consensus_2,1
CACAGTACAAAGAATC-1,true,CACAGTACAAAGAATC-1_contig_1,true,518,TRB,TRBV7-9,,TRBJ1-1,TRBC1,true,true,DTGVSQDPRHKITKRGQNVTFRCDPI,GATACTGGAGTCTCCCAGGACCCCAGACACAAGATCACAAAGAGGGGACAGAATGTAACTTTCAGGTGTGATCCAATT,SEHNR,TCTGAACACAACCGC,LYWYRQTLGQGPEFLTY,CTTTATTGGTACCGACAGACCCTGGGGCAGGGCCCAGAGTTTCTGACTTAC,FQNEAQ,TTCCAGAATGAAGCTCAA,LEKSRLLSDRFSAERPKGSFSTLEIQRTEQGDSAMYL,CTAGAAAAATCAAGGCTGCTCAGTGATCGGTTCTCTGCAGAGAGGCCTAAGGGATCTTTCTCCACCTTGGAGATCCAGCGCACAGAGCAGGGGGACTCGGCCATGTATCTC,CASSFRGRRTEAFF,TGTGCCAGCAGCTTTAGGGGGCGAAGGACTGAAGCTTTCTTT,GQGTRLTVV,GGACAAGGCACCAGACTCACAGTTGTAG,64582,34,clonotype29,clonotype29_consensus_1,1
CACAGTACAAAGAATC-1,true,CACAGTACAAAGAATC-1_contig_2,true,532,TRA,TRAV14/DV4,,TRAJ23,TRAC,true,true,AQKITQTQPGMFVQEKEAVTLDCTYD,GCCCAGAAGATAACTCAAACCCAACCAGGAATGTTCGTGCAGGAAAAGGAGGCTGTGACTCTGGACTGCACATATGAC,TSDPSYG,ACCAGTGATCCAAGTTATGGT,LFWYKQPSSGEMIFLIY,CTATTCTGGTACAAGCAGCCCAGCAGTGGGGAAATGATTTTTCTTATTTAT,QGSYDQQN,CAGGGGTCTTATGACCAGCAAAAT,ATEGRYSLNFQKARKSANLVISASQLGDSAMYF,GCAACAGAAGGTCGCTACTCATTGAATTTCCAGAAGGCAAGAAAATCCGCCAACCTTGTCATCTCCGCTTCACAACTGGGGGACTCAGCAATGTATTTC,CAMREGAGNNQGGKLIF,TGTGCAATGAGAGAGGGCGCGGGAAATAACCAGGGAGGAAAGCTTATCTTC,GQGTELSVKP,GGACAGGGAACGGAGTTATCTGTGAAACCCA,10784,7,clonotype29,clonotype29_consensus_2,1
CAGCCGATCTAACGGT-1,true,CAGCCGATCTAACGGT-1_contig_1,true,568,TRA,TRAV17,,TRAJ43,TRAC,true,true,SQQGEEDPQALSIQEGENATMNCSYK,AGTCAACAGGGAGAAGAGGATCCTCAGGCCTTGAGCATCCAGGAGGGTGAAAATGCCACCATGAACTGCAGTTACAAA,TSINN,ACTAGTATAAACAAT,LQWYRQNSGRGLVHLIL,TTACAGTGGTATAGACAAAATTCAGGTAGAGGCCTTGTCCACCTAATTTTA,IRSNERE,ATACGTTCAAATGAAAGAGAG,KHSGRLRVTLDTSKKSSSLLITASRAADTASYF,AAACACAGTGGAAGATTAAGAGTCACGCTTGACACTTCCAAGAAAAGCAGTTCCTTGTTGATCACGGCTTCCCGGGCAGCAGACACTGCTTCTTACTTC,CATDDMRF,TGTGCTACGGATGACATGCGCTTT,GAGTRLTVKP,GGAGCAGGGACCAGACTGACAGTAAAACCAA,14158,3,clonotype5,clonotype5_consensus_1,1
CATGCCTCAAGTTGTC-1,true,CATGCCTCAAGTTGTC-1_contig_1,true,448,TRA,TRAV9-2,,TRAJ5,TRAC,true,true,GNSVTQMEGPVTLSEEAFLTINCTYT,GGAAATTCAGTGACCCAGATGGAAGGGCCAGTGACTCTCTCAGAAGAGGCCTTCCTGACTATAAACTGCACGTACACA,ATGYPS,GCCACAGGATACCCTTCC,LFWYVQYPGEGLQLLLK,CTTTTCTGGTATGTCCAATATCCTGGAGAAGGTCTACAGCTCCTCCTGAAA,ATKADDK,GCCACGAAGGCTGATGACAAG,GSNKGFEATYRKETTSFHLEKGSVQVSDSAVYF,GGAAGCAACAAAGGTTTTGAAGCCACATACCGTAAAGAAACCACTTCTTTCCACTTGGAGAAAGGCTCAGTTCAAGTGTCAGACTCAGCGGTGTACTTC,CALSYTGRRALTF,TGTGCTCTGAGTTACACGGGCAGGAGAGCACTTACTTTT,GSGTRLQVQP,GGGAGTGGAACAAGACTCCAAGTGCAACCAA,9272,6,clonotype19,clonotype19_consensus_2,1
CATGCCTCAAGTTGTC-1,true,CATGCCTCAAGTTGTC-1_contig_2,true,509,TRB,TRBV6-1,TRBD1,TRBJ2-1,TRBC2,true,true,NAGVTQTPKFQVLKTGQSMTLQCAQD,AATGCTGGTGTCACTCAGACCCCAAAATTCCAGGTCCTGAAGACAGGACAGAGCATGACACTGCAGTGTGCCCAGGAT,MNHNS,ATGAACCATAACTCC,MYWYRQDPGMGLRLIYY,ATGTACTGGTATCGACAAGACCCAGGCATGGGACTGAGGCTGATTTATTAC,SASEGT,TCAGCTTCTGAGGGTACC,TDKGEVPNGYNVSRLNKREFSLRLESAAPSQTSVYF,ACTGACAAAGGAGAAGTCCCCAATGGCTACAATGTCTCCAGATTAAACAAACGGGAGTTCTCGCTCAGGCTGGAGTCGGCTGCTCCCTCCCAGACATCTGTGTACTTC,CASSEAQGANNEQFF,TGTGCCAGCAGTGAAGCTCAGGGGGCGAACAATGAGCAGTTCTTC,GPGTRLTVL,GGGCCAGGGACACGGCTCACCGTGCTAG,63374,27,clonotype19,clonotype19_consensus_1,1
CCCAATCTCAGGCAAG-1,true,CCCAATCTCAGGCAAG-1_contig_1,true,571,TRA,TRAV19,,TRAJ57,TRAC,true,true,AQKVTQAQTEISVVEKEDVTLDCVYE,GCTCAGAAGGTAACTCAAGCGCAGACTGAAATTTCTGTGGTGGAGAAGGAGGATGTGACCTTGGACTGTGTGTATGAA,TRDTTYY,ACCCGTGATACTACTTATTAC,LFWYKQPPSGELVFLIR,TTATTCTGGTACAAGCAACCACCAAGTGGAGAATTGGTTTTCCTTATTCGT,RNSFDEQN,CGGAACTCTTTTGATGAGCAAAAT,EISGRYSWNFQKSTSSFNFTITASQVVDSAVYF,GAAATAAGTGGTCGGTATTCTTGGAACTTCCAGAAATCCACCAGTTCCTTCAACTTCACCATCACAGCCTCACAAGTCGTGGACTCAGCAGTATACTTC,CALSGLTQGGSEKLVF,TGTGCTCTGAGTGGACTAACTCAGGGCGGATCTGAAAAGCTGGTCTTT,GKGTKLTVNP,GGAAAGGGAACGAAACTGACAGTAAACCCAT,32193,14,clonotype1,clonotype1_consensus_2,1
CCCAATCTCAGGCAAG-1,true,CCCAATCTCAGGCAAG-1_contig_2,true,635,TRB,TRBV19,,TRBJ1-1,TRBC1,true,true,DGGITQSPKYLFRKEGQNVTLSCEQN,GATGGTGGAATCACTCAGTCCCCAAAGTACCTGTTCAGAAAGGAAGGACAGAATGTGACCCTGAGTTGTGAACAGAAT,LNHDA,TTGAACCACGATGCC,MYWYRQDPGQGLRLIYY,ATGTACTGGTACCGACAGGACCCAGGGCAAGGGCTGAGATTGATCTACTAC,SQIVND,TCACAGATAGTAAATGAC,FQKGDIAEGYSVSREKKESFPLTVTSAQKNPTAFYL,TTTCAGAAAGGAGATATAGCTGAAGGGTACAGCGTCTCTCGGGAGAAGAAGGAATCCTTTCCTCTCACTGTGACATCGGCCCAAAAGAACCCGACAGCTTTCTATCTC,CASSIGVSLNTEAFF,TGTGCCAGTAGTATCGGAGTGAGCTTGAACACTGAAGCTTTCTTT,GQGTRLTVV,GGACAAGGCACCAGACTCACAGTTGTAG,36077,22,clonotype1,clonotype1_consensus_1,1
CGTGTAATCTGCTGTC-1,true,CGTGTAATCTGCTGTC-1_contig_1,true,503,TRB,TRBV5-1,,TRBJ2-7,TRBC2,true,true,KAGVTQTPRYLIKTRGQQVTLSCSPI,AAGGCTGGAGTCACTCAAACTCCAAGATATCTGATCAAAACGAGAGGACAGCAAGTGACACTGAGCTGCTCCCCTATC,SGHRS,TCTGGGCATAGGAGT,VSWYQQTPGQGLQFLFE,GTATCCTGGTACCAACAGACCCCAGGACAGGGCCTTCAGTTCCTCTTTGAA,YFSETQ,TACTTCAGTGAGACACAG,RNKGNFPGRFSGRQFSNSRSEMNVSTLELGDSALYL,AGAAACAAAGGAAACTTCCCTGGTCGATTCTCAGGGCGCCAGTTCTCTAACTCTCGCTCTGAGATGAATGTGAGCACCTTGGAGCTGGGGGACTCGGCCCTTTATCTT,CASSLSQVGFYEQYF,TGCGCCAGCAGCTTGTCGCAGGTGGGGTTCTACGAGCAGTACTTC,GPGTRLTVT,GGGCCGGGCACCAGGCTCACGGTCACAG,7846,18,clonotype24,clonotype24_consensus_1,1
CGTGTAATCTGCTGTC-1,true,CGTGTAATCTGCTGTC-1_contig_2,true,495,TRA,TRAV13-2,,TRAJ17,TRAC,true,true,GESVGLHLPTLSVQEGDNSIINCAYS,GGAGAGAGTGTGGGGCTGCATCTTCCTACCCTGAGTGTCCAGGAGGGTGACAACTCTATTATCAACTGTGCTTATTCA,NSASDY,AACAGCGCCTCAGACTAC,FIWYKQESGKGPQFIID,TTCATTTGGTACAAGCAAGAATCTGGAAAAGGTCCTCAATTCATTATAGAC,IRSNMDK,ATTCGTTCAAATATGGACAAA,RQGQRVTVLLNKTVKHLSLQIAATQPGDSAVYF,AGGCAAGGCCAAAGAGTCACCGTTTTATTGAATAAGACAGTGAAACATCTCTCTCTGCAAATTGCAGCTACTCAACCTGGAGACTCAGCTGTCTACTTT,CAENKDKAAGNKLTF,TGTGCAGAGAATAAAGACAAAGCTGCAGGCAACAAGCTAACTTTT,GGGTRVLVKP,GGAGGAGGAACCAGGGTGCTAGTTAAACCAA,4231,12,clonotype24,clonotype24_consensus_2,1
CGTTCTGCAGGATTGG-1,true,CGTTCTGCAGGATTGG-1_contig_1,true,510,TRB,TRBV11-2,,TRBJ1-3,TRBC1,true,true,EAGVAQSPRYKIIEKRQSVAFWCNPI,GAAGCTGGAGTTGCCCAGTCTCCCAGATATAAGATTATAGAGAAAAGGCAGAGTGTGGCTTTTTGGTGCAATCCTATA,SGHAT,TCTGGCCATGCTACC,LYWYQQILGQGPKLLIQ,CTTTACTGGTACCAGCAGATCCTGGGACAGGGCCCAAAGCTTCTGATTCAG,FQNNGV,TTTCAGAATAACGGTGTA,VDDSQLPKDRFSAERLKGVDSTLKIQPAKLEDSAVYL,GTGGATGATTCACAGTTGCCTAAGGATCGATTTTCTGCAGAGAGGCTCAAAGGAGTAGACTCCACTCTCAAGATCCAACCTGCAAAGCTTGAGGACTCGGCCGTGTATCTC,CASSTGPGLSGNTIYF,TGTGCCAGCAGCACAGGACCAGGGTTGTCTGGAAACACCATATATTTT,GEGSWLTVV,GGAGAGGGAAGTTGGCTCACTGTTGTAG,31954,18,clonotype4,clonotype4_consensus_1,1
CGTTCTGCAGGATTGG-1,true,CGTTCTGCAGGATTGG-1_contig_2,true,565,TRA,TRAV19,,TRAJ30,TRAC,true,true,AQKVTQAQTEISVVEKEDVTLDCVYE,GCTCAGAAGGTAACTCAAGCGCAGACTGAAATTTCTGTGGTGGAGAAGGAGGATGTGACCTTGGACTGTGTGTATGAA,TRDTTYY,ACCCGTGATACTACTTATTAC,LFWYKQPPSGELVFLIR,TTATTCTGGTACAAGCAACCACCAAGTGGAGAATTGGTTTTCCTTATTCGT,RNSFDEQN,CGGAACTCTTTTGATGAGCAAAAT,EISGRYSWNFQKSTSSFNFTITASQVVDSAVYF,GAAATAAGTGGTCGGTATTCTTGGAACTTCCAGAAATCCACCAGTTCCTTCAACTTCACCATCACAGCCTCACAAGTCGTGGACTCAGCAGTATACTTC,CALSEAYGDDKIIF,TGTGCTCTGAGTGAGGCTTACGGAGATGACAAGATCATCTTT,GKGTRLHILP,GGAAAAGGGACACGACTTCATATTCTCCCCA,34685,23,clonotype4,clonotype4_consensus_2,1
CTACGTCGTGCATCTA-1,true,CTACGTCGTGCATCTA-1_contig_1,true,544,TRA,TRAV12-2,,TRAJ22,TRAC,true,true,QKEVEQNSGPLSVPEGAIASLNCTYS,CAGAAGGAGGTGGAGCAGAATTCTGGACCCCTCAGTGTTCCAGAGGGAGCCATTGCCTCTCTCAACTGCACTTACAGT,DRGSQS,GACCGAGGTTCCCAGTCC,FFWYRQYSGKSPELIMS,TTCTTCTGGTACAGACAATATTCTGGGAAAAGCCCTGAGTTGATAATGTCC,IYSNGD,ATATACTCCAATGGTGAC,KEDGRFTAQLNKASQYVSLLIRDSQPSDSATYL,AAAGAAGATGGAAGGTTTACAGCACAGCTCAATAAAGCCAGCCAGTATGTTTCTCTGCTCATCAGAGACTCCCAGCCCAGTGATTCAGCCACCTACCTC,CAGTSGSARQLTF,TGTGCCGGGACCTCGGGTTCTGCAAGGCAACTGACCTTT,GSGTQLTVLP,GGATCTGGGACACAATTGACTGTTTTACCTG,9150,22,clonotype21,clonotype21_consensus_2,1
CTACGTCGTGCATCTA-1,true,CTACGTCGTGCATCTA-1_contig_2,true,530,TRB,TRBV20-1,,TRBJ2-1,TRBC2,true,true,GAVVSQHPSRVICKSGTSVKIECRSL,GGTGCTGTCGTCTCTCAACATCCGAGCAGGGTTATCTGTAAGAGTGGAACCTCTGTGAAGATCGAGTGCCGTTCCCTG,DFQATT,GACTTTCAGGCCACAACT,MFWYRQFPKQSLMLMAT,ATGTTTTGGTATCGTCAGTTCCCGAAACAGAGTCTCATGCTGATGGCAACT,SNEGSKA,TCCAATGAGGGCTCCAAGGCC,TYEQGVEKDKFLINHASLTLSTLTVTSAHPEDSSFYI,ACATACGAGCAAGGCGTCGAGAAGGACAAGTTTCTCATCAACCATGCAAGCCTGACCTTGTCCACTCTGACAGTGACCAGTGCCCATCCTGAAGACAGCAGCTTCTACATC,CSAPNRLAAGDYNEQFF,TGCAGTGCGCCGAATCGACTAGCCGCTGGGGATTACAATGAGCAGTTCTTC,GPGTRLTVL,GGGCCAGGGACACGGCTCACCGTGCTAG,8864,19,clonotype21,clonotype21_consensus_1,1
CTACGTCGTGCATCTA-1,true,CTACGTCGTGCATCTA-1_contig_3,true,562,TRA,TRAV19,,TRAJ43,TRAC,true,true,AQKVTQAQTEISVVEKEDVTLDCVYE,GCTCAGAAGGTAACTCAAGCGCAGACTGAAATTTCTGTGGTGGAGAAGGAGGATGTGACCTTGGACTGTGTGTATGAA,TRDTTYY,ACCCGTGATACTACTTATTAC,LFWYKQPPSGELVFLIR,TTATTCTGGTACAAGCAACCACCAAGTGGAGAATTGGTTTTCCTTATTCGT,RNSFDEQN,CGGAACTCTTTTGATGAGCAAAAT,EISGRYSWNFQKSTSSFNFTITASQVVDSAVYF,GAAATAAGTGGTCGGTATTCTTGGAACTTCCAGAAATCCACCAGTTCCTTCAACTTCACCATCACAGCCTCACAAGTCGTGGACTCAGCAGTATACTTC,CALTEGGNNDMRF,TGTGCTCTGACCGAGGGGGGTAACAATGACATGCGCTTT,GAGTRLTVKP,GGAGCAGGGACCAGACTGACAGTAAAACCAA,5454,14,clonotype21,clonotype21_consensus_3,1
CTCGAAACACTGTTAG-1,true,CTCGAAACACTGTTAG-1_contig_1,true,635,TRB,TRBV19,,TRBJ1-1,TRBC1,true,true,DGGITQSPKYLFRKEGQNVTLSCEQN,GATGGTGGAATCACTCAGTCCCCAAAGTACCTGTTCAGAAAGGAAGGACAGAATGTGACCCTGAGTTGTGAACAGAAT,LNHDA,TTGAACCACGATGCC,MYWYRQDPGQGLRLIYY,ATGTACTGGTACCGACAGGACCCAGGGCAAGGGCTGAGATTGATCTACTAC,SQIVND,TCACAGATAGTAAATGAC,FQKGDIAEGYSVSREKKESFPLTVTSAQKNPTAFYL,TTTCAGAAAGGAGATATAGCTGAAGGGTACAGCGTCTCTCGGGAGAAGAAGGAATCCTTTCCTCTCACTGTGACATCGGCCCAAAAGAACCCGACAGCTTTCTATCTC,CASSIGTALNTEAFF,TGTGCCAGTAGTATTGGGACAGCCTTGAACACTGAAGCTTTCTTT,GQGTRLTVV,GGACAAGGCACCAGACTCACAGTTGTAG,36553,10,clonotype26,clonotype26_consensus_1,1
CTCGAAACACTGTTAG-1,true,CTCGAAACACTGTTAG-1_contig_2,true,571,TRA,TRAV19,,TRAJ57,TRAC,true,true,AQKVTQAQTEISVVEKEDVTLDCVYE,GCTCAGAAGGTAACTCAAGCGCAGACTGAAATTTCTGTGGTGGAGAAGGAGGATGTGACCTTGGACTGTGTGTATGAA,TRDTTYY,ACCCGTGATACTACTTATTAC,LFWYKQPPSGELVFLIR,TTATTCTGGTACAAGCAACCACCAAGTGGAGAATTGGTTTTCCTTATTCGT,RNSFDEQN,CGGAACTCTTTTGATGAGCAAAAT,EISGRYSWNFQKSTSSFNFTITASQVVDSAVYF,GAAATAAGTGGTCGGTATTCTTGGAACTTCCAGAAATCCACCAGTTCCTTCAACTTCACCATCACAGCCTCACAAGTCGTGGACTCAGCAGTATACTTC,CALSGLTQGGSEKLVF,TGTGCTCTGAGTGGGTTAACTCAGGGCGGATCTGAAAAGCTGGTCTTT,GKGMKLTVNP,GGAAAGGGAATGAAACTGACAGTAAACCCAT,19841,9,clonotype26,clonotype26_consensus_2,1
CTCGGAGGTTGTACAC-1,true,CTCGGAGGTTGTACAC-1_contig_1,true,502,TRB,TRBV28,,TRBJ2-4,TRBC2,true,true,DVKVTQSSRYLVKRTGEKVFLECVQD,GATGTGAAAGTAACCCAGAGCTCGAGATATCTAGTCAAAAGGACGGGAGAGAAAGTTTTTCTGGAATGTGTCCAGGAT,MDHEN,ATGGACCATGAAAAT,MFWYRQDPGLGLRLIYF,ATGTTCTGGTATCGACAAGACCCAGGTCTGGGGCTACGGCTGATCTATTTC,SYDVKM,TCATATGATGTTAAAATG,KEKGDIPEGYSVSREKKERFSLILESASTNQTSMYL,AAAGAAAAAGGAGATATTCCTGAGGGGTACAGTGTCTCTAGAGAGAAGAAGGAGCGCTTCTCCCTGATTCTGGAGTCCGCCAGCACCAACCAGACATCTATGTACCTC,CASRSPPPGQNIQYF,TGTGCCAGCAGATCCCCCCCGCCGGGGCAAAACATTCAGTACTTC,GAGTRLSVL,GGCGCCGGGACCCGGCTCTCAGTGCTGG,64505,29,clonotype28,clonotype28_consensus_1,1
CTCGGAGGTTGTACAC-1,true,CTCGGAGGTTGTACAC-1_contig_2,true,568,TRA,TRAV29/DV5,,TRAJ29,TRAC,true,true,DQQVKQNSPSLSVQEGRISILNCDYT,GACCAGCAAGTTAAGCAAAATTCACCATCCCTGAGCGTCCAGGAAGGAAGAATTTCTATTCTGAACTGTGACTATACT,NSMFDY,AACAGCATGTTTGATTAT,FLWYKKYPAEGPTFLIS,TTCCTATGGTACAAAAAATACCCTGCTGAAGGTCCTACATTCCTGATATCT,ISSIKDK,ATAAGTTCCATTAAGGATAAA,NEDGRFTVFLNKSAKHLSLHIVPSQPGDSAVYF,AATGAAGATGGAAGATTCACTGTCTTCTTAAACAAAAGTGCCAAGCACCTCTCTCTGCACATTGTGCCCTCCCAGCCTGGAGACTCTGCAGTGTACTTC,CAARNSGNTPLVF,TGTGCAGCAAGGAATTCAGGAAACACACCTCTTGTCTTT,GKGTRLSVIA,GGAAAGGGCACAAGACTTTCTGTGATTGCAA,7080,5,clonotype28,clonotype28_consensus_2,1
GACGGCTGTTCGCGAC-1,true,GACGGCTGTTCGCGAC-1_contig_1,true,502,TRB,TRBV7-3,,TRBJ1-2,TRBC1,true,true,GAGVSQTPSNKVTEKGKYVELRCDPI,GGTGCTGGAGTCTCCCAGACCCCCAGTAACAAGGTCACAGAGAAGGGAAAATATGTAGAGCTCAGGTGTGATCCAATT,SGHTA,TCAGGTCATACTGCC,LYWYRQSLGQGPEFLIY,CTTTACTGGTACCGACAAAGCCTGGGGCAGGGCCCAGAGTTTCTAATTTAC,FQGTGA,TTCCAAGGCACGGGTGCG,ADDSGLPNDRFFAVRPEGSVSTLKIQRTERGDSAMYL,GCAGATGACTCAGGGCTGCCCAACGATCGGTTCTTTGCAGTCAGGCCTGAGGGATCCGTCTCTACTCTGAAGATCCAGCGCACAGAGCGGGGGGACTCAGCCATGTATCTC,CASSLFGTKYGYTF,TGTGCCAGCAGCCTGTTCGGGACAAAGTATGGCTACACCTTC,GSGTRLTVV,GGTTCGGGGACCAGGTTAACCGTTGTAG,66958,44,clonotype27,clonotype27_consensus_1,1
GACGGCTGTTCGCGAC-1,true,GACGGCTGTTCGCGAC-1_contig_2,true,508,TRA,TRAV29/DV5,,TRAJ31,TRAC,true,true,DQQVKQNSPSLSVQEGRISILNCDYT,GACCAGCAAGTTAAGCAAAATTCACCATCCCTGAGCGTCCAGGAAGGAAGAATTTCTATTCTGAACTGTGACTATACT,NSMFDY,AACAGCATGTTTGATTAT,FLWYKKYPAEGPTFLIS,TTCCTATGGTACAAAAAATACCCTGCTGAAGGTCCTACATTCCTGATATCT,ISSIKDK,ATAAGTTCCATTAAGGATAAA,NEDGRFTVFLNKSAKHLSLHIVPSQPGDSAVYF,AATGAAGATGGAAGATTCACTGTTTTCTTAAACAAAAGTGCCAAGCACCTCTCTCTGCACATTGTGCCCTCCCAGCCTGGAGACTCTGCAGTGTACTTC,CAASVGNARLMF,TGTGCAGCAAGCGTAGGGAATGCCAGACTCATGTTT,GDGTQLVVKP,GGAGATGGAACTCAGCTGGTGGTGAAGCCCA,7145,6,clonotype27,clonotype27_consensus_2,1
GACTAACGTCACTGGC-1,true,GACTAACGTCACTGGC-1_contig_1,true,622,TRB,TRBV5-6,,TRBJ1-5,TRBC1,true,true,DAGVTQSPTHLIKTRGQQVTLRCSPK,GACGCTGGAGTCACCCAAAGTCCCACACACCTGATCAAAACGAGAGGACAGCAAGTGACTCTGAGATGCTCTCCTAAG,SGHDT,TCTGGGCATGACACT,VSWYQQALGQGPQFIFQ,GTGTCCTGGTACCAACAGGCCCTGGGTCAGGGGCCCCAGTTTATCTTTCAG,YYEEEE,TATTATGAGGAGGAAGAG,RQRGNFPDRFSGHQFPNYSSELNVNALLLGDSALYL,AGACAGAGAGGCAACTTCCCTGATCGATTCTCAGGTCACCAGTTCCCTAACTATAGCTCTGAGCTGAATGTGAACGCCTTGTTGCTGGGGGACTCGGCCCTCTATCTC,CASSLGSGNQPQHF,TGTGCCAGCAGCTTAGGGTCAGGGAATCAGCCCCAGCATTTT,GDGTRLSIL,GGTGATGGGACTCGACTCTCCATCCTAG,11388,7,clonotype10,clonotype10_consensus_1,1
GACTACAGTAATCACC-1,true,GACTACAGTAATCACC-1_contig_1,true,485,TRB,TRBV7-4,TRBD1,TRBJ2-3,TRBC2,true,true,GAGVSQSPRYKVAKRGRDVALRCDSI,GGTGCTGGAGTCTCCCAGTCCCCAAGGTACAAAGTCGCAAAGAGGGGACGGGATGTAGCTCTCAGGTGTGATTCAATT,SGHVT,TCGGGTCATGTAACC,LYWYRQTLGQGSEVLTY,CTTTATTGGTACCGACAGACCCTGGGGCAGGGCTCAGAGGTTCTGACTTAC,SQSDAQ,TCCCAGAGTGATGCTCAA,RDKSGRPSGRFSAERPERSVSTLKIQCTEQGDSAVYL,CGAGACAAATCAGGGCGGCCCAGTGGTCGGTTCTCTGCAGAGAGGCCTGAGAGATCCGTCTCCACTCTGAAGATCCAGTGCACAGAGCAGGGGGACTCAGCTGTGTATCTC,CASSPKTRTGSTDTQYF,TGTGCCAGCAGCCCAAAGACCCGGACAGGGAGCACAGATACGCAGTATTTT,GPGTRLTVL,GGCCCAGGCACCCGGCTGACAGTGCTCG,38117,51,clonotype20,clonotype20_consensus_1,1
GACTACAGTAATCACC-1,true,GACTACAGTAATCACC-1_contig_2,true,533,TRB,TRBV18,,TRBJ2-7,TRBC2,true,true,NAGVMQNPRHLVRRRGQEARLRCSPM,AATGCCGGCGTCATGCAGAACCCAAGACACCTGGTCAGGAGGAGGGGACAGGAGGCAAGACTGAGATGCAGCCCAATG,KGHSH,AAAGGACACAGTCAT,VYWYRQLPEEGLKFMVY,GTTTACTGGTATCGGCAGCTCCCAGAGGAAGGTCTGAAATTCATGGTTTAT,LQKENI,CTCCAGAAAGAAAATATC,IDESGMPKERFSAEFPKEGPSILRIQQVVRGDSAAYF,ATAGATGAGTCAGGAATGCCAAAGGAACGATTTTCTGCTGAATTTCCCAAAGAGGGCCCCAGCATCCTGAGGATCCAGCAGGTAGTGCGAGGAGATTCGGCAGCTTATTTC,CASSPLASKGEQYF,TGTGCCAGCTCACCACTTGCGAGCAAAGGCGAGCAGTACTTC,GPGTRLTVT,GGGCCGGGCACCAGGCTCACGGTCACAG,30529,47,clonotype20,clonotype20_consensus_2,1
GACTACAGTAATCACC-1,true,GACTACAGTAATCACC-1_contig_3,true,598,TRA,TRAV12-1,,TRAJ49,TRAC,true,true,RKEVEQDPGPFNVPEGATVAFNCTYS,CGGAAGGAGGTGGAGCAGGATCCTGGACCCTTCAATGTTCCAGAGGGAGCCACTGTCGCTTTCAACTGTACTTACAGC,NSASQS,AACAGTGCTTCTCAGTCT,FFWYRQDCRKEPKLLMS,TTCTTCTGGTACAGACAGGATTGCAGGAAAGAACCTAAGTTGCTGATGTCC,VYSSG,GTATACTCCAGTGGT,NEDGRFTAQLNRASQYISLLIRDSKLSDSATYL,AATGAAGATGGAAGGTTTACAGCACAGCTCAATAGAGCCAGCCAGTATATTTCCCTGCTCATCAGAGACTCCAAGCTCAGTGATTCAGCCACCTACCTC,CVVSPDTGNQFYF,TGTGTGGTGAGCCCCGACACCGGTAACCAGTTCTATTTT,GTGTSLTVIP,GGGACAGGGACAAGTTTGACGGTCATTCCAA,7986,19,clonotype20,clonotype20_consensus_3,1
GATCTAGCATTTGCCC-1,true,GATCTAGCATTTGCCC-1_contig_1,true,501,TRA,TRAV9-2,,TRAJ4,TRAC,true,true,GNSVTQMEGPVTLSEEAFLTINCTYT,GGAAATTCAGTGACCCAGATGGAAGGGCCAGTGACTCTCTCAGAAGAGGCCTTCCTGACTATAAACTGCACGTACACA,ATGYPS,GCCACAGGATACCCTTCC,LFWYVQYPGEGLQLLLK,CTTTTCTGGTATGTCCAATATCCTGGAGAAGGTCTACAGCTCCTCCTGAAA,ATKADDK,GCCACGAAGGCTGATGACAAG,GSNKGFEATYRKETTSFHLEKGSVQVSDSAVYF,GGAAGCAACAAAGGTTTTGAAGCCACATACCGTAAAGAAACCACTTCTTTCCACTTGGAGAAAGGCTCAGTTCAAGTGTCAGACTCAGCGGTGTACTTC,CALSEPFSGGYNKLIF,TGTGCTCTGAGTGAACCTTTTTCTGGTGGCTACAATAAGCTGATTTTT,GAGTRLAVHP,GGAGCAGGGACCAGGCTGGCTGTACACCCAT,15505,7,clonotype23,clonotype23_consensus_2,1
GATCTAGCATTTGCCC-1,true,GATCTAGCATTTGCCC-1_contig_2,true,476,TRB,TRBV11-2,,TRBJ1-3,TRBC1,true,true,EAGVAQSPRYKIIEKRQSVAFWCNPI,GAAGCTGGAGTTGCCCAGTCTCCCAGATATAAGATTATAGAGAAAAGGCAGAGTGTGGCTTTTTGGTGCAATCCTATA,SGHAT,TCTGGCCATGCTACC,LYWYQQILGQGPKLLIQ,CTTTACTGGTACCAGCAGATCCTGGGACAGGGCCCAAAGCTTCTGATTCAG,FQNNGV,TTTCAGAATAACGGTGTA,VDDSQLPKDRFSAERLKGVDSTLKIQPAKLEDSAVYL,GTGGATGATTCACAGTTGCCTAAGGATCGATTTTCTGCAGAGAGGCTCAAAGGAGTAGACTCCACTCTCAAGATCCAACCTGCAAAGCTTGAGGACTCGGCCGTGTATCTC,CASRLTGAGNTIYF,TGTGCCAGCAGGCTAACAGGGGCAGGAAACACCATATATTTT,GEGSWLTVV,GGAGAGGGAAGTTGGCTCACTGTTGTAG,50456,18,clonotype23,clonotype23_consensus_1,1
GATTCAGTCATGCATG-1,true,GATTCAGTCATGCATG-1_contig_1,true,478,TRB,TRBV2,,TRBJ1-5,TRBC1,true,true,EPEVTQTPSHQVTQMGQEVILRCVPI,GAACCTGAAGTCACCCAGACTCCCAGCCATCAGGTCACACAGATGGGACAGGAAGTGATCTTGCGCTGTGTCCCCATC,SNHLY,TCTAATCACTTATAC,FYWYRQILGQKVEFLVS,TTCTATTGGTACAGACAAATCTTGGGGCAGAAAGTCGAGTTTCTGGTTTCC,FYNNEI,TTTTATAATAATGAAATC,SEKSEIFDDQFSVERPDGSNFTLKIRSTKLEDSAMYF,TCAGAGAAGTCTGAAATATTCGATGATCAATTCTCAGTTGAAAGGCCTGATGGATCAAATTTCACTCTGAAGATCCGGTCCACAAAGCTGGAGGACTCAGCCATGTACTTC,CASKLSGGARQPQHF,TGTGCCAGCAAGCTTTCGGGGGGCGCCAGGCAGCCCCAGCATTTT,GDGTRLSIL,GGTGATGGGACTCGACTCTCCATCCTAG,56616,47,clonotype34,clonotype34_consensus_1,1
GATTCAGTCATGCATG-1,true,GATTCAGTCATGCATG-1_contig_2,true,571,TRA,TRAV29/DV5,,TRAJ53,TRAC,true,true,DQQVKQNSPSLSVQEGRISILNCDYT,GACCAGCAAGTTAAGCAAAATTCACCATCCCTGAGCGTCCAGGAAGGAAGAATTTCTATTCTGAACTGTGACTATACT,NSMFDY,AACAGCATGTTTGATTAT,FLWYKKYPAEGPTFLIS,TTCCTATGGTACAAAAAATACCCTGCTGAAGGTCCTACATTCCTGATATCT,ISSIKDK,ATAAGTTCCATTAAGGATAAA,NEDGRFTVFLNKSAKHLSLHIVPSQPGDSAVYF,AATGAAGATGGAAGATTCACTGTTTTCTTAAACAAAAGTGCCAAGCACCTCTCTCTGCACATTGTGCCCTCCCAGCCTGGAGACTCTGCAGTGTACTTC,CAASATGSNYKLTF,TGTGCAGCAAGCGCAACCGGTAGCAACTATAAACTGACATTT,GKGTLLTVNP,GGAAAAGGAACTCTCTTAACCGTGAATCCAA,16522,15,clonotype34,clonotype34_consensus_2,1
GCACATAGTTCGTGAT-1,true,GCACATAGTTCGTGAT-1_contig_1,true,499,TRB,TRBV7-2,,TRBJ2-5,TRBC2,true,true,GAGVSQSPSNKVTEKGKDVELRCDPI,GGAGCTGGAGTCTCCCAGTCCCCCAGTAACAAGGTCACAGAGAAGGGAAAGGATGTAGAGCTCAGGTGTGATCCAATT,SGHTA,TCAGGTCATACTGCC,LYWYRQRLGQGLEFLIY,CTTTACTGGTACCGACAGAGGCTGGGGCAGGGCCTGGAGTTTTTAATTTAC,FQGNSA,TTCCAAGGCAACAGTGCA,PDKSGLPSDRFSAERTGESVSTLTIQRTQQEDSAVYL,CCAGACAAATCAGGGCTGCCCAGTGATCGCTTCTCTGCAGAGAGGACTGGGGAATCCGTCTCCACTCTGACGATCCAGCGCACACAGCAGGAGGACTCGGCCGTGTATCTC,CASSSLGGPETQYF,TGTGCCAGCAGCTCCCTGGGGGGGCCCGAGACCCAGTACTTC,GPGTRLLVL,GGGCCAGGCACGCGGCTCCTGGTGCTCG,49323,55,clonotype18,clonotype18_consensus_1,1
GCACATAGTTCGTGAT-1,true,GCACATAGTTCGTGAT-1_contig_2,true,489,TRA,TRAV12-3,,TRAJ20,TRAC,true,true,QKEVEQDPGPLSVPEGAIVSLNCTYS,CAGAAGGAGGTGGAGCAGGATCCTGGACCACTCAGTGTTCCAGAGGGAGCCATTGTTTCTCTCAACTGCACTTACAGC,NSAFQY,AACAGTGCTTTTCAATAC,FMWYRQYSRKGPELLMY,TTCATGTGGTACAGACAGTATTCCAGAAAAGGCCCTGAGTTGCTGATGTAC,TYSSGN,ACATACTCCAGTGGTAAC,KEDGRFTAQVDKSSKYISLFIRDSQPSDSATYL,AAAGAAGATGGAAGGTTTACAGCACAGGTCGATAAATCCAGCAAGTATATCTCCTTGTTCATCAGAGACTCACAGCCCAGTGATTCAGCCACCTACCTC,CAMIDYKLSF,TGTGCAATGATCGACTACAAGCTCAGCTTT,GAGTTVTVRA,GGAGCCGGAACCACAGTAACTGTAAGAGCAA,15186,17,clonotype18,clonotype18_consensus_2,1
GCAGCCAAGAAACCGC-1,true,GCAGCCAAGAAACCGC-1_contig_1,true,546,TRB,TRBV7-8,TRBD2,TRBJ2-5,TRBC2,true,true,GAGVSQSPRYKVAKRGQDVALRCDPI,GGTGCTGGAGTCTCCCAGTCCCCTAGGTACAAAGTCGCAAAGAGAGGACAGGATGTAGCTCTCAGGTGTGATCCAATT,SGHVS,TCGGGTCATGTATCC,LFWYQQALGQGPEFLTY,CTTTTTTGGTACCAACAGGCCCTGGGGCAGGGGCCAGAGTTTCTGACTTAT,FQNEAQ,TTCCAGAATGAAGCTCAA,LDKSGLPSDRFFAERPEGSVSTLKIQRTQQEDSAVYL,CTAGACAAATCGGGGCTGCCCAGTGATCGCTTCTTTGCAGAAAGGCCTGAGGGATCCGTCTCCACTCTGAAGATCCAGCGCACACAGCAGGAGGACTCCGCCGTGTATCTC,CASSFPTSGRAKETQYF,TGTGCCAGCAGCTTCCCGACTAGCGGGAGGGCCAAGGAGACCCAGTACTTC,GPGTRLLVL,GGGCCAGGCACGCGGCTCCTGGTGCTCG,18177,2,clonotype38,clonotype38_consensus_1,1
GCATGTATCAGGCGAA-1,true,GCATGTATCAGGCGAA-1_contig_1,true,580,TRA,TRAV17,,TRAJ11,TRAC,true,true,SQQGEEDPQALSIQEGENATMNCSYK,AGTCAACAGGGAGAAGAGGATCCTCAGGCCTTGAGCATCCAGGAGGGTGAAAATGCCACCATGAACTGCAGTTACAAA,TSINN,ACTAGTATAAACAAT,LQWYRQNSGRGLVHLIL,TTACAGTGGTATAGACAAAATTCAGGTAGAGGCCTTGTCCACCTAATTTTA,IRSNERE,ATACGTTCAAATGAAAGAGAG,KHSGRLRVTLDTSKKSSSLLITASRAADTASYF,AAACACAGTGGAAGATTAAGAGTCACGCTTGACACTTCCAAGAAAAGCAGTTCCTTGTTGATCACGGCTTCCCGGGCAGCAGACACTGCTTCTTACTTC,CASISGYSTLTF,TGTGCTTCTATTTCAGGATACAGCACCCTCACCTTT,GKGTMLLVSP,GGGAAGGGGACTATGCTTCTAGTCTCTCCAG,20426,18,clonotype7,clonotype7_consensus_3,1
GCATGTATCAGGCGAA-1,true,GCATGTATCAGGCGAA-1_contig_2,true,489,TRA,TRAV13-2,,TRAJ7,TRAC,true,true,GESVGLHLPTLSVQEGDNSIINCAYS,GGAGAGAGTGTGGGGCTGCATCTTCCTACCCTGAGTGTCCAGGAGGGTGACAACTCTATTATCAACTGTGCTTATTCA,NSASDY,AACAGCGCCTCAGACTAC,FIWYKQESGKGPQFIID,TTCATTTGGTACAAGCAAGAATCTGGAAAAGGTCCTCAATTCATTATAGAC,IRSNMDK,ATTCGTTCAAATATGGACAAA,RQGQRVTVLLNKTVKHLSLQIAATQPGDSAVYF,AGGCAAGGCCAAAGAGTCACCGTTTTATTGAATAAGACAGTGAAACATCTCTCTCTGCAAATTGCAGCTACTCAACCTGGAGACTCAGCTGTCTACTTT,CADPPHGNNRLAF,TGTGCAGACCCCCCCCATGGGAACAACAGACTCGCTTTT,GKGNQVVVIP,GGGAAGGGGAACCAAGTGGTGGTCATACCAA,16116,17,clonotype7,clonotype7_consensus_2,1
GCATGTATCAGGCGAA-1,true,GCATGTATCAGGCGAA-1_contig_3,true,521,TRB,TRBV20-1,,TRBJ2-5,TRBC2,true,true,GAVVSQHPSWVICKSGTSVKIECRSL,GGTGCTGTCGTCTCTCAACATCCGAGCTGGGTTATCTGTAAGAGTGGAACCTCTGTGAAGATCGAGTGCCGTTCCCTG,DFQATT,GACTTTCAGGCCACAACT,MFWYRQFPKQSLMLMAT,ATGTTTTGGTATCGTCAGTTCCCGAAACAGAGTCTCATGCTGATGGCAACT,SNEGSKA,TCCAATGAGGGCTCCAAGGCC,TYEQGVEKDKFLINHASLTLSTLTVTSAHPEDSSFYI,ACATACGAGCAAGGCGTCGAGAAGGACAAGTTTCTCATCAACCATGCAAGCCTGACCTTGTCCACTCTGACAGTGACCAGTGCCCATCCTGAAGACAGCAGCTTCTACATC,CSARTHRSLETQYF,TGCAGTGCTAGAACCCACAGGAGCTTAGAGACCCAGTACTTC,GPGTRLLVL,GGGCCAGGCACGCGGCTCCTGGTGCTCG,38598,28,clonotype7,clonotype7_consensus_1,1
GCGGGTTTCTGGGCCA-1,true,GCGGGTTTCTGGGCCA-1_contig_1,true,481,TRB,TRBV4-1,,TRBJ2-4,TRBC2,true,true,DTEVTQTPKHLVMGMTNKKSLKCEQH,GACACTGAAGTTACCCAGACACCAAAACACCTGGTCATGGGAATGACAAATAAGAAGTCTTTGAAATGTGAACAACAT,MGHRA,ATGGGGCACAGGGCT,MYWYKQKAKKPPELMFV,ATGTATTGGTACAAGCAGAAAGCTAAGAAGCCACCGGAGCTCATGTTTGTC,YSYEKL,TACAGCTATGAGAAACTC,SINESVPSRFSPECPNSSLLNLHLHALQPEDSALYL,TCTATAAATGAAAGTGTGCCAAGTCGCTTCTCACCTGAATGCCCCAACAGCTCTCTCTTAAACCTTCACCTACACGCCCTGCAGCCAGAAGACTCAGCCCTGTATCTC,CASSQGGLGLDIQYF,TGCGCCAGCAGCCAAGGGGGACTAGGATTAGACATTCAGTACTTC,GAGTRLSVL,GGCGCCGGGACCCGGCTCTCAGTGCTGG,31882,7,clonotype17,clonotype17_consensus_1,1
GCGGGTTTCTGGGCCA-1,true,GCGGGTTTCTGGGCCA-1_contig_2,true,527,TRA,TRAV27,,TRAJ6,TRAC,true,true,TQLLEQSPQFLSIQEGENLTVYCNSS,ACCCAGCTGCTGGAGCAGAGCCCTCAGTTTCTAAGCATCCAAGAGGGAGAAAATCTCACTGTGTACTGCAACTCCTCA,SVFSS,AGTGTTTTTTCCAGC,LQWYRQEPGEGPVLLVT,TTACAATGGTACAGACAGGAGCCTGGGGAAGGTCCTGTCCTCCTGGTGACA,VVTGGEV,GTAGTTACGGGTGGAGAAGTG,KKLKRLTFQFGDARKDSSLHITAAQPGDTGLYL,AAGAAGCTGAAGAGACTAACCTTTCAGTTTGGTGATGCAAGAAAGGACAGTTCTCTCCACATCACTGCGGCCCAGCCTGGTGATACAGGCCTCTACCTC,CAGPSGGSYIPTF,TGTGCAGGTCCATCAGGAGGAAGCTACATACCTACATTT,GRGTSLIVHP,GGAAGAGGAACCAGCCTTATTGTTCATCCGT,1998,2,clonotype17,clonotype17_consensus_2,1
GCTCCTAGTGTTAAGA-1,true,GCTCCTAGTGTTAAGA-1_contig_1,true,524,TRB,TRBV18,,TRBJ2-3,TRBC2,true,true,NAGVMQNPRHLVRRRGQEARLRCSPM,AATGCCGGCGTCATGCAGAACCCAAGACACCTGGTCAGGAGGAGGGGACAGGAGGCAAGACTGAGATGCAGCCCAATG,KGHSH,AAAGGACACAGTCAT,VYWYRQLPEEGLKFMVY,GTTTACTGGTATCGGCAGCTCCCAGAGGAAGGTCTGAAATTCATGGTTTAT,LQKENI,CTCCAGAAAGAAAATATC,IDESGMPKERFSAEFPKEGPSILRIQQVVRGDSAAYF,ATAGATGAGTCAGGAATGCCAAAGGAACGATTTTCTGCTGAATTTCCCAAAGAGGGCCCCAGCATCCTGAGGATCCAGCAGGTAGTGCGAGGAGATTCGGCAGCTTATTTC,CASSQEDTQYF,TGTGCCAGCTCCCAGGAGGATACGCAGTATTTT,GPGTRLTVL,GGCCCAGGCACCCGGCTGACAGTGCTCG,46707,17,clonotype8,clonotype8_consensus_1,1
GCTCCTAGTGTTAAGA-1,true,GCTCCTAGTGTTAAGA-1_contig_2,true,518,TRA,TRAV13-2,,TRAJ28,TRAC,true,true,GESVGLHLPTLSVQEGDNSIINCAYS,GGAGAGAGTGTGGGGCTGCATCTTCCTACCCTGAGTGTCCAGGAGGGTGACAACTCTATTATCAACTGTGCTTATTCA,NSASDY,AACAGCGCCTCAGACTAC,FIWYKQESGKGPQFIID,TTCATTTGGTACAAGCAAGAATCTGGAAAAGGTCCTCAATTCATTATAGAC,IRSNMDK,ATTCGTTCAAATATGGACAAA,RQGQRVTVLLNKTVKHLSLQIAATQPGDSAVYF,AGGCAAGGCCAAAGAGTCACCGTTTTATTGAATAAGACAGTGAAACATCTCTCTCTGCAAATTGCAGCTACTCAACCTGGAGACTCAGCTGTCTACTTT,CAENRNSGAGSYQLTF,TGTGCAGAGAATCGAAACTCTGGGGCTGGGAGTTACCAACTCACTTTC,GKGTKLSVIP,GGGAAGGGGACCAAACTCTCGGTCATACCAA,18632,8,clonotype8,clonotype8_consensus_2,1
GCTCTGTGTACTCTCC-1,true,GCTCTGTGTACTCTCC-1_contig_1,true,507,TRB,TRBV7-9,,TRBJ2-1,TRBC2,true,true,DTGVSQDPRHKITKRGQNVTFRCDPI,GATACTGGAGTCTCCCAGGACCCCAGACACAAGATCACAAAGAGGGGACAGAATGTAACTTTCAGGTGTGATCCAATT,SEHNR,TCTGAACACAACCGC,LYWYRQTLGQGPEFLTY,CTTTATTGGTACCGACAGACCCTGGGGCAGGGCCCAGAGTTTCTGACTTAC,FQNEAQ,TTCCAGAATGAAGCTCAA,LEKSRLLSDRFSAERPKGSFSTLEIQRTEQGDSAMYL,CTAGAAAAATCAAGGCTGCTCAGTGATCGGTTCTCTGCAGAGAGGCCTAAGGGATCTTTCTCCACCTTGGAGATCCAGCGCACAGAGCAGGGGGACTCGGCCATGTATCTC,CASSLVAGSYNEQFF,TGTGCCAGCAGCTTAGTCGCAGGGTCCTACAATGAGCAGTTCTTC,GPGTRLTVL,GGGCCAGGGACACGGCTCACCGTGCTAG,38340,15,clonotype33,clonotype33_consensus_1,1
GCTCTGTGTACTCTCC-1,true,GCTCTGTGTACTCTCC-1_contig_2,true,565,TRA,TRAV19,,TRAJ39,TRAC,true,true,AQKVTQAQTEISVVEKEDVTLDCVYE,GCTCAGAAGGTAACTCAAGCGCAGACTGAAATTTCTGTGGTGGAGAAGGAGGATGTGACCTTGGACTGTGTGTATGAA,TRDTTYY,ACCCGTGATACTACTTATTAC,LFWYKQPPSGELVFLIR,TTATTCTGGTACAAGCAACCACCAAGTGGAGAATTGGTTTTCCTTATTCGT,RNSFDEQN,CGGAACTCTTTTGATGAGCAAAAT,EISGRYSWNFQKSTSSFNFTITASQVVDSAVYF,GAAATAAGTGGTCGGTATTCTTGGAACTTCCAGAAATCCACCAGTTCCTTCAACTTCACCATCACAGCCTCACAAGTCGTGGACTCAGCAGTATACTTC,CALLTNNAGNMLTF,TGTGCTCTCCTTACCAATAATGCAGGCAACATGCTCACCTTT,GGGTRLMVKP,GGAGGGGGAACAAGGTTAATGGTCAAACCCC,9464,67,clonotype33,clonotype33_consensus_2,1
GCTGCGACATAAAGGT-1,true,GCTGCGACATAAAGGT-1_contig_1,true,530,TRB,TRBV20-1,TRBD1,TRBJ2-1,TRBC2,true,true,GAVVSQHPSWVICKSGTSVKIECRSL,GGTGCTGTCGTCTCTCAACATCCGAGCTGGGTTATCTGTAAGAGTGGAACCTCTGTGAAGATCGAGTGCCGTTCCCTG,DFQATT,GACTTTCAGGCCACAACT,MFWYRQFPKQSLMLMAT,ATGTTTTGGTATCGTCAGTTCCCGAAACAGAGTCTCATGCTGATGGCAACT,SNEGSKA,TCCAATGAGGGCTCCAAGGCC,TYEQGVEKDKFLINHASLTLSTLTVTSAHPEDSSFYI,ACATACGAGCAAGGCGTCGAGAAGGACAAGTTTCTCATCAACCATGCAAGCCTGACCTTGTCCACTCTGACAGTGACCAGTGCCCATCCTGAAGACAGCAGCTTCTACATC,CSASGTAGYSSYNEQFF,TGCAGTGCCTCCGGGACAGCCGGTTACAGCTCCTACAATGAGCAGTTCTTC,GPGTRLTVL,GGGCCAGGGACACGGCTCACCGTGCTAG,68382,101,clonotype16,clonotype16_consensus_1,1
GCTGCGACATAAAGGT-1,true,GCTGCGACATAAAGGT-1_contig_2,true,505,TRA,TRAV1-2,,TRAJ7,TRAC,true,true,GQNIDQPTEMTATEGAIVQINCTYQ,GGACAAAACATTGACCAGCCCACTGAGATGACAGCTACGGAAGGTGCCATTGTCCAGATCAACTGCACGTACCAG,TSGFNG,ACATCTGGGTTCAACGGG,LFWYQQHAGEAPTFLSY,CTGTTCTGGTACCAGCAACATGCTGGCGAAGCACCCACATTTCTGTCTTAC,NVLDGL,AATGTTCTGGATGGTTTG,EEKGRFSSFLSRSKGYSYLLLKELQMKDSASYL,GAGGAGAAAGGTCGTTTTTCTTCATTCCTTAGTCGGTCTAAAGGGTACAGTTACCTCCTTTTGAAGGAGCTCCAGATGAAAGACTCTGCCTCTTACCTC,CAVVEGNNRLAF,TGTGCTGTGGTAGAGGGGAACAACAGACTCGCTTTT,GKGNQVVVIP,GGGAAGGGGAACCAAGTGGTGGTCATACCAA,4729,8,clonotype16,clonotype16_consensus_2,1
GCTGCTTGTCAGAAGC-1,true,GCTGCTTGTCAGAAGC-1_contig_1,true,682,TRB,TRBV5-6,,TRBJ2-7,TRBC2,true,true,DAGVTQSPTHLIKTRGQQVTLRCSPK,GACGCTGGAGTCACCCAAAGTCCCACACACCTGATCAAAACGAGAGGACAGCAAGTGACTCTGAGATGCTCTCCTAAG,SGHDT,TCTGGGCATGACACT,VSWYQQALGQGPQFIFQ,GTGTCCTGGTACCAACAGGCCCTGGGTCAGGGGCCCCAGTTTATCTTTCAG,YYEEEE,TATTATGAGGAGGAAGAG,RQRGNFPDRFSGHQFPNYSSELNVNALLLGDSALYL,AGACAGAGAGGCAACTTCCCTGATCGATTCTCAGGTCACCAGTTCCCTAACTATAGCTCTGAGCTGAATGTGAACGCCTTGTTGCTGGGGGACTCGGCCCTCTATCTC,CASSLGEVRRGNYEQYF,TGTGCCAGCAGCTTGGGAGAGGTGAGGAGAGGGAACTACGAGCAGTACTTC,GPGTRLTVT,GGGCCGGGCACCAGGCTCACGGTCACAG,51442,12,clonotype36,clonotype36_consensus_1,1
GCTGCTTGTCAGAAGC-1,true,GCTGCTTGTCAGAAGC-1_contig_2,true,593,TRA,TRAV8-3,,TRAJ8,,true,true,AQSVTQPDIHITVSEGASLELRCNYS,GCCCAGTCAGTGACCCAGCCTGACATCCACATCACTGTCTCTGAAGGAGCCTCACTGGAGTTGAGATGTAACTATTCC,YGATPY,TATGGGGCAACACCTTAT,LFWYVQSPGQGLQLLLK,CTCTTCTGGTATGTCCAGTCCCCCGGCCAAGGCCTCCAGCTGCTCCTGAAG,YFSGDTLV,TACTTTTCAGGAGACACTCTGGTT,QGIKGFEAEFKRSQSSFNLRKPSVHWSDAAEYF,CAAGGCATTAAAGGCTTTGAGGCTGAATTTAAGAGGAGTCAATCTTCCTTCAACCTGAGGAAACCCTCTGTGCATTGGAGTGATGCTGCTGAGTACTTC,CAVGTSGFQKLVF,TGTGCTGTGGGTACCTCAGGCTTTCAGAAACTTGTATTT,GTGTRLLVSP,GGAACTGGCACCCGACTTCTGGTCAGTCCAA,3152,1,clonotype36,clonotype36_consensus_2,1
GGCTCGAGTCCGACGT-1,true,GGCTCGAGTCCGACGT-1_contig_1,true,520,TRB,TRBV11-2,,TRBJ1-3,TRBC1,true,true,EAGVAQSPRYKIIEKRQSVAFWCNPI,GAAGCTGGAGTTGCCCAGTCTCCCAGATATAAGATTATAGAGAAAAGGCAGAGTGTGGCTTTTTGGTGCAATCCTATA,SGHAT,TCTGGCCATGCTACC,LYWYQQILGQGPKLLIQ,CTTTACTGGTACCAGCAGATCCTGGGACAGGGCCCAAAGCTTCTGATTCAG,FQNNGV,TTTCAGAATAACGGTGTA,VDDSQLPKDRFSAERLKGVDSTLKIQPAKLEDSAVYL,GTGGATGATTCACAGTTGCCTAAGGATCGATTTTCTGCAGAGAGGCTCAAAGGAGTAGACTCCACTCTCAAGATCCAACCTGCAAAGCTTGAGGACTCGGCCGTGTATCTC,CASSTGPGLSGNTIYF,TGTGCCAGCAGCACAGGACCAGGGTTGTCTGGAAACACCATATATTTT,GEGSWLTVV,GGAGAGGGAAGTTGGCTCACTGTTGTAG,23064,21,clonotype4,clonotype4_consensus_1,1
GGCTCGAGTCCGACGT-1,true,GGCTCGAGTCCGACGT-1_contig_2,true,565,TRA,TRAV19,,TRAJ30,TRAC,true,true,AQKVTQAQTEISVVEKEDVTLDCVYE,GCTCAGAAGGTAACTCAAGCGCAGACTGAAATTTCTGTGGTGGAGAAGGAGGATGTGACCTTGGACTGTGTGTATGAA,TRDTTYY,ACCCGTGATACTACTTATTAC,LFWYKQPPSGELVFLIR,TTATTCTGGTACAAGCAACCACCAAGTGGAGAATTGGTTTTCCTTATTCGT,RNSFDEQN,CGGAACTCTTTTGATGAGCAAAAT,EISGRYSWNFQKSTSSFNFTITASQVVDSAVYF,GAAATAAGTGGTCGGTATTCTTGGAACTTCCAGAAATCCACCAGTTCCTTCAACTTCACCATCACAGCCTCACAAGTCGTGGACTCAGCAGTATACTTC,CALSEAYGDDKIIF,TGTGCTCTGAGTGAGGCTTACGGAGATGACAAGATCATCTTT,GKGTRLHILP,GGAAAAGGGACACGACTTCATATTCTCCCCA,40438,40,clonotype4,clonotype4_consensus_2,1
TAGAGCTGTGCTAGCC-1,true,TAGAGCTGTGCTAGCC-1_contig_1,true,495,TRB,TRBV20-1,,TRBJ2-4,TRBC2,true,true,GAVVSQHPSRVICKSGTSVKIECRSL,GGTGCTGTCGTCTCTCAACATCCGAGCAGGGTTATCTGTAAGAGTGGAACCTCTGTGAAGATCGAGTGCCGTTCCCTG,DFQATT,GACTTTCAGGCCACAACT,MFWYRQFPKQSLMLMAT,ATGTTTTGGTATCGTCAGTTCCCGAAACAGAGTCTCATGCTGATGGCAACT,SNEGSKA,TCCAATGAGGGCTCCAAGGCC,TYEQGVEKDKFLINHASLTLSTLTVTSAHPEDSSFYI,ACATACGAGCAAGGCGTCGAGAAGGACAAGTTTCTCATCAACCATGCAAGCCTGACCTTGTCCACTCTGACAGTGACCAGTGCCCATCCTGAAGACAGCAGCTTCTACATC,CSAIVGAKNIQYF,TGCAGTGCTATTGTTGGAGCCAAAAACATTCAGTACTTC,GAGTRLSVL,GGCGCCGGGACCCGGCTCTCAGTGCTGG,6830,31,clonotype2,clonotype2_consensus_1,2
TAGCCGGAGTATCGAA-1,true,TAGCCGGAGTATCGAA-1_contig_1,true,635,TRB,TRBV19,,TRBJ1-1,TRBC1,true,true,DGGITQSPKYLFRKEGQNVTLSCEQN,GATGGTGGAATCACTCAGTCCCCAAAGTACCTGTTCAGAAAGGAAGGACAGAATGTGACCCTGAGTTGTGAACAGAAT,LNHDA,TTGAACCACGATGCC,MYWYRQDPGQGLRLIYY,ATGTACTGGTACCGACAGGACCCAGGGCAAGGGCTGAGATTGATCTACTAC,SQIVND,TCACAGATAGTAAATGAC,FQKGDIAEGYSVSREKKESFPLTVTSAQKNPTAFYL,TTTCAGAAAGGAGATATAGCTGAAGGGTACAGCGTCTCTCGGGAGAAGAAGGAATCCTTTCCTCTCACTGTGACATCGGCCCAAAAGAACCCGACAGCTTTCTATCTC,CASSIGVSLNTEAFF,TGTGCCAGTAGTATCGGAGTGAGCTTGAACACTGAAGCTTTCTTT,GQGTRLTVV,GGACAAGGCACCAGACTCACAGTTGTAG,24011,10,clonotype1,clonotype1_consensus_1,1
TAGCCGGAGTATCGAA-1,true,TAGCCGGAGTATCGAA-1_contig_2,true,571,TRA,TRAV19,,TRAJ57,TRAC,true,true,AQKVTQAQTEISVVEKEDVTLDCVYE,GCTCAGAAGGTAACTCAAGCGCAGACTGAAATTTCTGTGGTGGAGAAGGAGGATGTGACCTTGGACTGTGTGTATGAA,TRDTTYY,ACCCGTGATACTACTTATTAC,LFWYKQPPSGELVFLIR,TTATTCTGGTACAAGCAACCACCAAGTGGAGAATTGGTTTTCCTTATTCGT,RNSFDEQN,CGGAACTCTTTTGATGAGCAAAAT,EISGRYSWNFQKSTSSFNFTITASQVVDSAVYF,GAAATAAGTGGTCGGTATTCTTGGAACTTCCAGAAATCCACCAGTTCCTTCAACTTCACCATCACAGCCTCACAAGTCGTGGACTCAGCAGTATACTTC,CALSGLTQGGSEKLVF,TGTGCTCTGAGTGGACTAACTCAGGGCGGATCTGAAAAGCTGGTCTTT,GKGTKLTVNP,GGAAAGGGAACGAAACTGACAGTAAACCCAT,8021,5,clonotype1,clonotype1_consensus_2,1
TCCCGATCAACTGCTA-1,true,TCCCGATCAACTGCTA-1_contig_1,true,571,TRA,TRAV19,,TRAJ57,TRAC,true,true,AQKVTQAQTEISVVEKEDVTLDCVYE,GCTCAGAAGGTAACTCAAGCGCAGACTGAAATTTCTGTGGTGGAGAAGGAGGATGTGACCTTGGACTGTGTGTATGAA,TRDTTYY,ACCCGTGATACTACTTATTAC,LFWYKQPPSGELVFLIR,TTATTCTGGTACAAGCAACCACCAAGTGGAGAATTGGTTTTCCTTATTCGT,RNSFDEQN,CGGAACTCTTTTGATGAGCAAAAT,EISGRYSWNFQKSTSSFNFTITASQVVDSAVYF,GAAATAAGTGGTCGGTATTCTTGGAACTTCCAGAAATCCACCAGTTCCTTCAACTTCACCATCACAGCCTCACAAGTCGTGGACTCAGCAGTATACTTC,CALSGLTQGGSEKLVF,TGTGCTCTGAGTGGACTAACTCAGGGCGGATCTGAAAAGCTGGTCTTT,GKGTKLTVNP,GGAAAGGGAACGAAACTGACAGTAAACCCAT,20431,9,clonotype1,clonotype1_consensus_2,1
TCCCGATCAACTGCTA-1,true,TCCCGATCAACTGCTA-1_contig_2,true,635,TRB,TRBV19,,TRBJ1-1,TRBC1,true,true,DGGITQSPKYLFRKEGQNVTLSCEQN,GATGGTGGAATCACTCAGTCCCCAAAGTACCTGTTCAGAAAGGAAGGACAGAATGTGACCCTGAGTTGTGAACAGAAT,LNHDA,TTGAACCACGATGCC,MYWYRQDPGQGLRLIYY,ATGTACTGGTACCGACAGGACCCAGGGCAAGGGCTGAGATTGATCTACTAC,SQIVND,TCACAGATAGTAAATGAC,FQKGDIAEGYSVSREKKESFPLTVTSAQKNPTAFYL,TTTCAGAAAGGAGATATAGCTGAAGGGTACAGCGTCTCTCGGGAGAAGAAGGAATCCTTTCCTCTCACTGTGACATCGGCCCAAAAGAACCCGACAGCTTTCTATCTC,CASSIGVSLNTEAFF,TGTGCCAGTAGTATCGGAGTGAGCTTGAACACTGAAGCTTTCTTT,GQGTRLTVV,GGACAAGGCACCAGACTCACAGTTGTAG,54665,27,clonotype1,clonotype1_consensus_1,1
TCTATTGGTCTCGTTC-1,true,TCTATTGGTCTCGTTC-1_contig_1,true,501,TRB,TRBV27,,TRBJ2-1,TRBC2,true,true,EAQVTQNPRYLITVTGKKLTVTCSQN,GAAGCCCAAGTGACCCAGAACCCAAGATACCTCATCACAGTGACTGGAAAGAAGTTAACAGTGACTTGTTCTCAGAAT,MNHEY,ATGAACCATGAGTAT,MSWYRQDPGLGLRQIYY,ATGTCCTGGTATCGACAAGACCCAGGGCTGGGCTTAAGGCAGATCTACTAT,SMNVEV,TCAATGAATGTTGAGGTG,TDKGDVPEGYKVSRKEKRNFPLILESPSPNQTSLYF,ACTGATAAGGGAGATGTTCCTGAAGGGTACAAAGTCTCTCGAAAAGAGAAGAGGAATTTCCCCCTGATCCTGGAGTCGCCCAGCCCCAACCAGACCTCTCTGTACTTC,CASSSRTGLFSYNEQFF,TGTGCCAGCAGTTCCCGGACAGGGTTGTTCTCCTACAATGAGCAGTTCTTC,GPGTRLTVL,GGGCCAGGGACACGGCTCACCGTGCTAG,30547,15,clonotype37,clonotype37_consensus_1,1
TCTATTGGTCTCGTTC-1,true,TCTATTGGTCTCGTTC-1_contig_2,true,565,TRA,TRAV29/DV5,,TRAJ21,TRAC,true,true,DQQVKQNSPSLSVQEGRISILNCDYT,GACCAGCAAGTTAAGCAAAATTCACCATCCCTGAGCGTCCAGGAAGGAAGAATTTCTATTCTGAACTGTGACTATACT,NSMFDY,AACAGCATGTTTGATTAT,FLWYKKYPAEGPTFLIS,TTCCTATGGTACAAAAAATACCCTGCTGAAGGTCCTACATTCCTGATATCT,ISSIKDK,ATAAGTTCCATTAAGGATAAA,NEDGRFTVFLNKSAKHLSLHIVPSQPGDSAVYF,AATGAAGATGGAAGATTCACTGTCTTCTTAAACAAAAGTGCCAAGCACCTCTCTCTGCACATTGTGCCCTCCCAGCCTGGAGACTCTGCAGTGTACTTC,CAASADFNKFYF,TGTGCAGCAAGCGCGGACTTCAACAAATTTTACTTT,GSGTKLNVKP,GGATCTGGGACCAAACTCAATGTAAAACCAA,2136,56,clonotype37,clonotype37_consensus_2,1
TGGCGCACAGAGTGTG-1,true,TGGCGCACAGAGTGTG-1_contig_1,true,682,TRA,TRAV24,,TRAJ11,TRAC,true,true,ILNVEQSPQSLHVQEGDSTNFTCSFP,ATACTGAACGTGGAACAAAGTCCTCAGTCACTGCATGTTCAGGAGGGAGACAGCACCAATTTCACCTGCAGCTTCCCT,SSNFYA,TCCAGCAATTTTTATGCC,LHWYRWETAKSPEALFV,TTACACTGGTACAGATGGGAAACTGCAAAAAGCCCCGAGGCCTTGTTTGTA,MTLNGDE,ATGACTTTAAATGGGGATGAA,KKKGRISATLNTKEGYSYLYIKGSQPEDSATYL,AAGAAGAAAGGACGAATAAGTGCCACTCTTAATACCAAGGAGGGTTACAGCTATTTGTACATCAAAGGATCCCAGCCTGAAGACTCAGCCACATACCTC,CAFDSGYSTLTF,TGTGCCTTTGATTCAGGATACAGCACCCTCACCTTT,GKGTMLLVSP,GGGAAGGGGACTATGCTTCTAGTCTCTCCAG,21784,9,clonotype6,clonotype6_consensus_2,1
TGGCGCACAGAGTGTG-1,true,TGGCGCACAGAGTGTG-1_contig_2,true,497,TRB,TRBV6-1,,TRBJ2-7,TRBC2,true,true,NAGVTQTPKFQVLKTGQSMTLQCAQD,AATGCTGGTGTCACTCAGACCCCAAAATTCCAGGTCCTGAAGACAGGACAGAGCATGACACTGCAGTGTGCCCAGGAT,MNHNS,ATGAACCATAACTCC,MYWYRQDPGMGLRLIYY,ATGTACTGGTATCGACAAGACCCAGGCATGGGACTGAGGCTGATTTATTAC,SASEGT,TCAGCTTCTGAGGGTACC,TDKGEVPNGYNVSRLNKREFSLRLESAAPSQTSVYF,ACTGACAAAGGAGAAGTCCCCAATGGCTACAATGTCTCCAGATTAAACAAACGGGAGTTCTCGCTCAGGCTGGAGTCGGCTGCTCCCTCCCAGACATCTGTGTACTTC,CASRGPEGIYF,TGTGCCAGCAGGGGTCCGGAGGGCATTTACTTC,GPGTRLTVT,GGGCCGGGCACCAGGCTCACGGTCACAG,55779,15,clonotype6,clonotype6_consensus_1,1
TGGGAAGTCTGCTGCT-1,true,TGGGAAGTCTGCTGCT-1_contig_1,true,562,TRA,TRAV19,,TRAJ12,TRAC,true,true,AQKVTQAQTEISVVEKEDVTLDCVYE,GCTCAGAAGGTAACTCAAGCGCAGACTGAAATTTCTGTGGTGGAGAAGGAGGATGTGACCTTGGACTGTGTGTATGAA,TRDTTYY,ACCCGTGATACTACTTATTAC,LFWYKQPPSGELVFLIR,TTATTCTGGTACAAGCAACCACCAAGTGGAGAATTGGTTTTCCTTATTCGT,RNSFDEQN,CGGAACTCTTTTGATGAGCAAAAT,EISGRYSWNFQKSTSSFNFTITASQVVDSAVYF,GAAATAAGTGGTCGGTATTCTTGGAACTTCCAGAAATCCACCAGTTCCTTCAACTTCACCATCACAGCCTCACAAGTCGTGGACTCAGCAGTATACTTC,CALGLQSSYKLIF,TGTGCTCTGGGATTACAGAGCAGCTATAAATTGATCTTC,GSGTRLLVRP,GGGAGTGGGACCAGACTGCTGGTCAGGCCTG,41702,16,clonotype14,clonotype14_consensus_2,1
TGGGAAGTCTGCTGCT-1,true,TGGGAAGTCTGCTGCT-1_contig_2,true,494,TRB,TRBV11-3,,TRBJ2-2,TRBC2,true,true,EAGVVQSPRYKIIEKKQPVAFWCNPI,GAAGCTGGAGTGGTTCAGTCTCCCAGATATAAGATTATAGAGAAAAAACAGCCTGTGGCTTTTTGGTGCAATCCTATT,SGHNT,TCTGGCCACAATACC,LYWYLQNLGQGPELLIR,CTTTACTGGTACCTGCAGAACTTGGGACAGGGCCCGGAGCTTCTGATTCGA,YENEEA,TATGAGAATGAGGAAGCA,VDDSQLPKDRFSAERLKGVDSTLKIQPAELGDSAVYL,GTAGACGATTCACAGTTGCCTAAGGATCGATTTTCTGCAGAGAGGCTCAAAGGAGTAGACTCCACTCTCAAGATCCAGCCTGCAGAGCTTGGGGACTCGGCCGTGTATCTC,CASSLGSAGELFF,TGTGCCAGCAGCTTAGGGAGTGCCGGGGAGCTGTTTTTT,GEGSRLTVL,GGAGAAGGCTCTAGGCTGACCGTACTGG,27727,11,clonotype14,clonotype14_consensus_1,1
TGTATTCAGTGAATTG-1,true,TGTATTCAGTGAATTG-1_contig_1,true,474,TRB,TRBV11-1,,TRBJ1-2,TRBC1,true,true,EAEVAQSPRYKITEKSQAVAFWCDPI,GAAGCTGAAGTTGCCCAGTCCCCCAGATATAAGATTACAGAGAAAAGCCAGGCTGTGGCTTTTTGGTGTGATCCTATT,SGHAT,TCTGGCCATGCTACC,LYWYRQILGQGPELLVQ,CTTTACTGGTACCGGCAGATCCTGGGACAGGGCCCGGAGCTTCTGGTTCAA,FQDESV,TTTCAGGATGAGAGTGTA,VDDSQLPKDRFSAERLKGVDSTLKIQPAELGDSAMYL,GTAGATGATTCACAGTTGCCTAAGGATCGATTTTCTGCAGAGAGGCTCAAAGGAGTAGACTCCACTCTCAAGATCCAGCCTGCAGAGCTTGGGGACTCGGCCATGTATCTC,CASSLVGNYGYTF,TGTGCCAGCAGCTTAGTGGGAAACTATGGCTACACCTTC,GSGTRLTVV,GGTTCGGGGACCAGGTTAACCGTTGTAG,41059,11,clonotype9,clonotype9_consensus_1,1
TTCTCAAGTAGAAAGG-1,true,TTCTCAAGTAGAAAGG-1_contig_1,true,676,TRB,TRBV5-6,,TRBJ2-7,TRBC2,true,true,DAGVTQSPTHLIKTRGQQVTLRCSPK,GACGCTGGAGTCACCCAAAGTCCCACACACCTGATCAAAACGAGAGGACAGCAAGTGACTCTGAGATGCTCTCCTAAG,SGHDT,TCTGGGCATGACACT,VSWYQQALGQGPQFIFQ,GTGTCCTGGTACCAACAGGCCCTGGGTCAGGGGCCCCAGTTTATCTTTCAG,YYEEEE,TATTATGAGGAGGAAGAG,RQRGNFPDRFSGHQFPNYSSELNVNALLLGDSALYL,AGACAGAGAGGCAACTTCCCTGATCGATTCTCAGGTCACCAGTTCCCTAACTATAGCTCTGAGCTGAATGTGAACGCCTTGTTGCTGGGGGACTCGGCCCTCTATCTC,CASRGRGRALNEQYV,TGTGCCAGCAGGGGTCGGGGGAGGGCTCTCAACGAGCAGTACGTC,GPGTRLTVT,GGGCCGGGCACCAGGCTCACGGTCACAG,32897,10,clonotype30,clonotype30_consensus_1,1
TTCTCAAGTAGAAAGG-1,true,TTCTCAAGTAGAAAGG-1_contig_2,true,520,TRA,TRAV6,,TRAJ5,TRAC,true,true,SQKIEQNSEALNIQEGKTATLTCNYT,AGCCAAAAGATAGAACAGAATTCCGAGGCCCTGAACATTCAGGAGGGTAAAACGGCCACCCTGACCTGCAACTATACA,NYSPAY,AACTATTCTCCAGCATAC,LQWYRQDPGRGPVFLLL,TTACAGTGGTACCGACAAGATCCAGGAAGAGGCCCTGTTTTCTTGCTACTC,IRENEKE,ATACGTGAAAATGAGAAAGAA,KRKERLKVTFDTTLKQSLFHITASQPADSATYL,AAAAGGAAAGAAAGACTGAAGGTCACCTTTGATACCACCCTTAAACAGAGTTTGTTTCATATCACAGCCTCCCAGCCTGCAGACTCAGCTACCTACCTC,CALPVSSMDTGRRALTF,TGTGCTCTCCCCGTTAGCTCTATGGACACGGGCAGGAGAGCACTTACTTTT,GSGTRLQVQP,GGGAGTGGAACAAGACTCCAAGTGCAACCAA,24473,7,clonotype30,clonotype30_consensus_2,1
TTGACTTTCCCTTGTG-1,true,TTGACTTTCCCTTGTG-1_contig_1,true,471,TRA,TRAV13-1,,TRAJ42,TRAC,true,true,GENVEQHPSTLSVQEGDSAVIKCTYS,GGAGAGAATGTGGAGCAGCATCCTTCAACCCTGAGTGTCCAGGAGGGAGACAGCGCTGTTATCAAGTGTACTTATTCA,DSASNY,GACAGTGCCTCAAACTAC,FPWYKQELGKGPQLIID,TTCCCTTGGTATAAGCAAGAACTTGGAAAAGGACCTCAGCTTATTATAGAC,IRSNVGE,ATTCGTTCAAATGTGGGCGAA,KKDQRIAVTLNKTAKHFSLHITETQPEDSAVYF,AAGAAAGACCAACGAATTGCTGTTACATTGAACAAGACAGCCAAACATTTCTCCCTGCACATCACAGAGACCCAACCTGAAGACTCGGCTGTCTACTTC,CAASKGAGGGSQGNLIF,TGTGCAGCAAGTAAAGGGGCGGGAGGAGGAAGCCAAGGAAATCTCATCTTT,GKGTKLSVKP,GGAAAAGGCACTAAACTCTCTGTTAAACCAA,19087,10,clonotype3,clonotype3_consensus_2,1
TTGACTTTCCCTTGTG-1,true,TTGACTTTCCCTTGTG-1_contig_2,true,506,TRB,TRBV6-1,,TRBJ2-5,TRBC2,true,true,NAGVTQTPKFQVLKTGQSMTLQCAQD,AATGCTGGTGTCACTCAGACCCCAAAATTCCAGGTCCTGAAGACAGGACAGAGCATGACACTGCAGTGTGCCCAGGAT,MNHNS,ATGAACCATAACTCC,MYWYRQDPGMGLRLIYY,ATGTACTGGTATCGACAAGACCCAGGCATGGGACTGAGGCTGATTTATTAC,SASEGT,TCAGCTTCTGAGGGTACC,TDKGEVPNGYNVSRLNKREFSLRLESAAPSQTSVYF,ACTGACAAAGGAGAAGTCCCCAATGGCTACAATGTCTCCAGATTAAACAAACGGGAGTTCTCGCTCAGGCTGGAGTCGGCTGCTCCCTCCCAGACATCTGTGTACTTC,CASTLLALKETQYF,TGTGCCAGCACTTTACTAGCGTTAAAAGAGACCCAGTACTTC,GPGTRLLVL,GGGCCAGGCACGCGGCTCCTGGTGCTCG,43632,19,clonotype3,clonotype3_consensus_1,1
TTTATGCTCAATCACG-1,true,TTTATGCTCAATCACG-1_contig_1,true,570,TRB,TRBV19,,TRBJ1-2,TRBC1,true,true,DGGITQSPKYLFRKEGQNVTLSCEQN,GATGGTGGAATCACTCAGTCCCCAAAGTACCTGTTCAGAAAGGAAGGACAGAATGTGACCCTGAGTTGTGAACAGAAT,LNHDA,TTGAACCACGATGCC,MYWYRQDPGQGLRLIYY,ATGTACTGGTACCGACAGGACCCAGGGCAAGGGCTGAGATTGATCTACTAC,SQIVND,TCACAGATAGTAAATGAC,FQKGDIAEGYSVSREKKESFPLTVTSAQKNPTAFYL,TTTCAGAAAGGAGATATAGCTGAAGGGTACAGCGTCTCTCGGGAGAAGAAGGAATCCTTTCCTCTCACTGTGACATCGGCCCAAAAGAACCCGACAGCTTTCTATCTC,CASSIGRSGPGGYGYTF,TGTGCCAGTAGTATTGGACGGTCGGGCCCTGGAGGCTATGGCTACACCTTC,GSGTRLTVV,GGTTCGGGGACCAGGTTAACCGTTGTAG,28354,14,clonotype35,clonotype35_consensus_1,1
TTTATGCTCAATCACG-1,true,TTTATGCTCAATCACG-1_contig_2,true,571,TRA,TRAV29/DV5,,TRAJ56,TRAC,true,true,DQQVKQNSPSLSVQEGRISILNCDYT,GACCAGCAAGTTAAGCAAAATTCACCATCCCTGAGCGTCCAGGAAGGAAGAATTTCTATTCTGAACTGTGACTATACT,NSMFDY,AACAGCATGTTTGATTAT,FLWYKKYPAEGPTFLIS,TTCCTATGGTACAAAAAATACCCTGCTGAAGGTCCTACATTCCTGATATCT,ISSIKDK,ATAAGTTCCATTAAGGATAAA,NEDGRFTVFLNKSAKHLSLHIVPSQPGDSAVYF,AATGAAGATGGAAGATTCACTGTCTTCTTAAACAAAAGTGCCAAGCACCTCTCTCTGCACATTGTGCCCTCCCAGCCTGGAGACTCTGCAGTGTACTTC,CAASQTGANSKLTF,TGTGCAGCAAGCCAAACTGGAGCCAATAGTAAGCTGACATTT,GKGITLSVRP,GGAAAAGGAATAACTCTGAGTGTTAGACCAG,21849,6,clonotype35,clonotype35_consensus_2,1
TTTATGCTCAATCACG-1,true,TTTATGCTCAATCACG-1_contig_3,true,563,TRA,TRAV22,,TRAJ20,TRAC,true,true,GIQVEQSPPDLILQEGANSTLRCNFS,GGAATACAAGTGGAGCAGAGTCCTCCAGACCTGATTCTCCAGGAGGGAGCCAATTCCACGCTGCGGTGCAATTTTTCT,DSVNN,GACTCTGTGAACAAT,LQWFHQNPWGQLINLFY,TTGCAGTGGTTTCATCAAAACCCTTGGGGACAGCTCATCAACCTGTTTTAC,IPSGT,ATTCCCTCAGGGACA,KQNGRLSATTVATERYSLLYISSSQTTDSGVYF,AAACAGAATGGAAGATTAAGCGCCACGACTGTCGCTACGGAACGCTACAGCTTATTGTACATTTCCTCTTCCCAGACCACAGACTCAGGCGTTTATTTC,CAVEELYDYKLSF,TGTGCTGTGGAGGAGCTATACGACTACAAGCTCAGCTTT,GAGTTVTVRA,GGAGCCGGAACCACAGTAACTGTAAGAGCAA,16830,4,clonotype35,clonotype35_consensus_3,1
